country,year,population,coal_prod_change_pct,coal_prod_change_twh,coal_prod_per_capita,coal_production,gas_prod_change_pct,gas_prod_change_twh,gas_prod_per_capita,gas_production,oil_prod_change_pct,oil_prod_change_twh,oil_prod_per_capita,oil_production
Africa,1900,138752199.0,,,48.144,6.68,,,0.0,0.0,,,0.0,0.0
Africa,1901,139021447.0,67.81,4.53,80.634,11.21,,0.0,0.0,0.0,,0.0,0.0,0.0
Africa,1902,139489077.0,49.068,5.5,119.797,16.71,,0.0,0.0,0.0,,0.0,0.0,0.0
Africa,1903,139992790.0,35.697,5.965,161.976,22.675,,0.0,0.0,0.0,,0.0,0.0,0.0
Africa,1904,140510536.0,12.88,2.921,182.165,25.596,,0.0,0.0,0.0,,0.0,0.0,0.0
Africa,1905,141042447.0,15.171,3.883,209.009,29.479,,0.0,0.0,0.0,,0.0,0.0,0.0
Africa,1906,141588654.0,14.187,4.182,237.742,33.662,,0.0,0.0,0.0,,0.0,0.0,0.0
Africa,1907,142149308.0,10.355,3.485,261.324,37.147,,0.0,0.0,0.0,,0.0,0.0,0.0
Africa,1908,142724535.0,3.723,1.383,269.959,38.53,,0.0,0.0,0.0,,0.0,0.0,0.0
Africa,1909,143305202.0,14.77,5.691,308.577,44.221,,0.0,0.0,0.0,,0.0,0.0,0.0
Africa,1910,144064903.0,13.15,5.815,347.313,50.036,,0.0,0.0,0.0,,0.0,0.0,0.0
Africa,1911,144480832.0,-3.163,-1.583,335.36,48.453,,0.0,0.0,0.0,,0.035,0.241,0.035
Africa,1912,145067004.0,6.005,2.909,354.061,51.363,,0.0,0.0,0.0,833.333,0.291,2.245,0.326
Africa,1913,145657208.0,9.501,4.88,386.131,56.243,,0.0,0.0,0.0,-53.571,-0.174,1.038,0.151
Africa,1914,146256012.0,-1.556,-0.875,378.566,55.367,,0.0,0.0,0.0,669.231,1.012,7.952,1.163
Africa,1915,146863516.0,1.472,0.815,382.548,56.182,,0.0,0.0,0.0,-70.0,-0.814,2.376,0.349
Africa,1916,147479796.0,18.252,10.254,450.479,66.437,,0.0,0.0,0.0,96.667,0.337,4.653,0.686
Africa,1917,148104957.0,8.094,5.377,484.883,71.814,,0.0,0.0,0.0,133.898,0.919,10.837,1.605
Africa,1918,148713464.0,-4.225,-3.034,462.495,68.779,,0.0,0.0,0.0,105.072,1.686,22.132,3.291
Africa,1919,149572638.0,3.719,2.558,476.94,71.337,,0.0,0.0,0.0,-20.495,-0.675,17.495,2.617
Africa,1920,150861520.0,11.518,8.216,527.328,79.553,,0.0,0.0,0.0,-33.778,-0.884,11.486,1.733
Africa,1921,152062212.0,-0.596,-0.474,520.044,79.079,,0.0,0.0,0.0,22.819,0.395,13.996,2.128
Africa,1922,153693154.0,-14.562,-11.515,439.603,67.564,,0.0,0.0,0.0,-4.918,-0.105,13.167,2.024
Africa,1923,155594335.0,21.95,14.83,529.544,82.394,,0.0,0.0,0.0,-11.494,-0.233,11.511,1.791
Africa,1924,157523780.0,5.455,4.495,551.59,86.889,,0.0,0.0,0.0,7.143,0.128,12.182,1.919
Africa,1925,159481926.0,5.02,4.362,572.17,91.251,,0.0,0.0,0.0,10.303,0.198,13.272,2.117
Africa,1926,161469210.0,7.341,6.699,606.613,97.949,,0.0,0.0,0.0,-4.396,-0.093,12.533,2.024
Africa,1927,163486087.0,-1.815,-1.778,588.255,96.172,,0.0,0.0,0.0,6.897,0.14,13.232,2.163
Africa,1928,165533025.0,1.74,1.673,591.089,97.845,,0.0,0.0,0.0,44.624,0.965,18.899,3.128
Africa,1929,167612506.0,2.231,2.183,596.779,100.028,,0.0,0.0,0.0,2.23,0.07,19.081,3.198
Africa,1930,169924067.0,-5.87,-5.872,554.106,94.156,,0.0,0.0,0.0,4.364,0.14,19.643,3.338
Africa,1931,171875191.0,-13.17,-12.4,475.669,81.756,,0.0,0.0,0.0,1.045,0.035,19.623,3.373
Africa,1932,174050964.0,-10.534,-8.612,420.242,73.144,,0.0,0.0,0.0,-6.207,-0.209,18.175,3.163
Africa,1933,176265430.0,7.618,5.572,446.574,78.715,,0.0,0.0,0.0,-11.765,-0.372,15.835,2.791
Africa,1934,178512860.0,14.806,11.655,506.239,90.37,,0.0,0.0,0.0,-7.5,-0.209,14.463,2.582
Africa,1935,180793768.0,10.924,9.872,554.457,100.242,,0.0,0.0,0.0,-18.018,-0.465,11.708,2.117
Africa,1936,183108678.0,8.657,8.678,594.837,108.92,,0.0,0.0,0.0,0.549,0.012,11.623,2.128
Africa,1937,185458104.0,7.642,8.323,632.181,117.243,,0.0,0.0,0.0,-4.918,-0.105,10.911,2.024
Africa,1938,187842584.0,4.858,5.695,654.476,122.938,,0.0,0.0,0.0,31.609,0.64,14.178,2.663
Africa,1939,190381812.0,3.255,4.002,666.766,126.94,,0.0,0.0,0.0,193.013,5.14,40.99,7.804
Africa,1940,193306256.0,4.812,6.108,688.277,133.048,,0.0,0.0,0.0,39.195,3.059,56.193,10.862
Africa,1941,195943401.0,7.466,9.933,729.707,142.981,,0.0,0.0,0.0,31.37,3.408,72.827,14.27
Africa,1942,198975492.0,9.864,14.103,789.467,157.085,,0.0,0.0,0.0,-3.26,-0.465,69.379,13.805
Africa,1943,202181814.0,1.772,2.784,790.717,159.869,,0.0,0.0,0.0,8.677,1.198,74.204,15.003
Africa,1944,205448384.0,11.063,17.687,864.234,177.555,,0.0,0.0,0.0,5.271,0.791,76.874,15.794
Africa,1945,208776384.0,1.443,2.561,862.726,180.117,,0.0,0.0,0.0,-0.368,-0.058,75.37,15.735
Africa,1946,212172008.0,1.082,1.949,858.104,182.066,,0.843,3.971,0.843,-5.026,-0.791,70.436,14.945
Africa,1947,215621479.0,-0.843,-1.534,837.262,180.532,0.0,0.0,3.908,0.843,4.047,0.605,72.114,15.549
Africa,1948,219141050.0,3.155,5.695,849.805,186.227,2.899,0.024,3.956,0.867,41.66,6.478,100.516,22.027
Africa,1949,223001287.0,6.564,12.224,889.911,198.451,1.408,0.012,3.943,0.879,21.753,4.792,120.263,26.819
Africa,1950,227549730.0,4.61,9.148,912.324,207.599,5.536,0.049,4.078,0.928,14.874,3.989,135.39,30.808
Africa,1951,232484439.0,1.392,2.89,905.388,210.489,7.878,0.073,4.306,1.001,-8.834,-2.721,120.81,28.086
Africa,1952,237586485.0,5.927,12.476,938.455,222.964,2.423,0.024,4.315,1.025,3.478,0.977,122.328,29.063
Africa,1953,242837870.0,3.101,6.914,946.631,229.878,8.272,0.085,4.571,1.11,1.601,0.465,121.598,29.529
Africa,1954,248245229.0,2.624,6.032,950.31,235.91,10.925,0.121,4.96,1.231,-14.888,-4.396,101.24,25.132
Africa,1955,253848117.0,10.722,25.293,1028.974,261.203,-0.978,-0.012,4.803,1.219,-8.468,-2.128,90.622,23.004
Africa,1956,259631766.0,4.708,12.297,1053.417,273.501,10.989,0.134,5.212,1.353,-5.561,-1.279,83.676,21.725
Africa,1957,265515596.0,3.978,10.879,1071.045,284.379,-0.853,-0.012,5.053,1.342,43.308,9.409,117.257,31.134
Africa,1958,271429963.0,4.161,11.834,1091.307,296.213,6.396,0.086,5.259,1.428,68.061,21.19,192.769,52.323
Africa,1959,277648583.0,-1.581,-4.684,1049.996,291.53,15.303,0.218,5.928,1.646,29.34,15.352,243.743,67.675
Africa,1960,284288223.0,-6.406,-18.674,959.786,272.856,7.419,0.122,6.22,1.768,137.137,92.807,564.506,160.482
Africa,1961,291177974.0,11.328,30.908,1043.223,303.764,60.776,1.075,9.763,2.843,71.367,114.532,944.49,275.015
Africa,1962,298334455.0,3.009,9.141,1048.84,312.905,59.692,1.697,15.217,4.54,64.27,176.753,1514.298,451.767
Africa,1963,305755585.0,2.272,7.109,1046.633,320.014,34.124,1.549,19.914,6.089,47.293,213.655,2176.32,665.422
Africa,1964,313466087.0,6.096,19.509,1083.124,339.523,85.973,5.235,36.123,11.323,43.932,292.332,3055.366,957.754
Africa,1965,321447378.0,8.434,28.637,1145.318,368.159,176.044,19.934,97.241,31.258,28.958,277.347,3842.312,1235.101
Africa,1966,329658389.0,-1.023,-3.765,1105.371,364.395,22.341,6.983,116.002,38.241,27.263,336.726,4768.048,1571.827
Africa,1967,338159967.0,1.464,5.335,1093.357,369.73,-16.316,-6.24,94.634,32.001,10.008,157.31,5113.37,1729.137
Africa,1968,346980412.0,4.709,17.41,1115.741,387.14,39.987,12.796,129.108,44.798,28.164,486.989,6386.891,2216.126
Africa,1969,356070643.0,1.415,5.479,1102.643,392.619,-16.113,-7.218,105.54,37.58,27.172,602.168,7914.986,2818.294
Africa,1970,365450443.0,4.397,17.264,1121.581,409.882,-19.969,-7.504,82.297,30.076,20.627,581.335,9302.572,3399.629
Africa,1971,375086296.0,7.04,28.855,1169.698,438.738,23.1,6.947,98.705,37.023,-6.43,-218.599,8480.795,3181.03
Africa,1972,384930776.0,-0.545,-2.391,1133.571,436.346,75.931,28.112,169.212,65.135,0.413,13.144,8298.046,3194.173
Africa,1973,395212420.0,6.38,27.841,1174.525,464.187,50.952,33.187,248.783,98.322,4.782,152.748,8468.665,3346.922
Africa,1974,406069208.0,5.34,24.785,1204.161,488.973,4.356,4.283,252.679,102.605,-7.809,-261.354,7598.625,3085.567
Africa,1975,417556976.0,5.379,26.304,1234.026,515.276,12.403,12.726,276.205,115.331,-8.247,-254.475,6780.135,2831.093
Africa,1976,429573262.0,9.667,49.81,1315.459,565.086,19.033,21.951,319.578,137.282,19.286,546.017,7861.546,3377.11
Africa,1977,441701768.0,10.112,57.143,1408.709,622.229,1.963,2.695,316.904,139.977,4.854,163.926,8016.802,3541.036
Africa,1978,454463053.0,5.569,34.652,1445.401,656.882,33.372,46.713,410.793,186.69,-2.386,-84.49,7605.778,3456.545
Africa,1979,467976240.0,13.524,88.837,1593.497,745.719,51.765,96.64,605.437,283.33,9.943,343.678,8120.548,3800.224
Africa,1980,481543145.0,12.0,89.483,1734.427,835.202,-12.362,-35.027,515.641,248.303,-8.098,-307.736,7252.699,3492.487
Africa,1981,495655683.0,8.944,74.702,1835.757,909.903,6.623,16.445,534.137,264.748,-20.597,-719.347,5594.892,2773.14
Africa,1982,510540596.0,9.76,88.809,1956.185,998.712,22.801,60.365,636.801,325.113,-3.861,-107.079,5222.036,2666.062
Africa,1983,525335348.0,1.318,13.161,1926.146,1011.873,34.402,111.844,831.767,436.957,1.361,36.29,5144.05,2702.352
Africa,1984,540183119.0,11.521,116.58,2089.019,1128.453,4.965,21.694,849.065,458.651,6.788,183.428,5342.224,2885.779
Africa,1985,555652995.0,6.244,70.458,2157.661,1198.911,10.253,47.027,910.061,505.678,3.97,114.552,5399.649,3000.331
Africa,1986,571646786.0,2.551,30.581,2150.788,1229.491,4.838,24.465,927.396,530.143,-0.287,-8.62,5233.497,2991.711
Africa,1987,588080029.0,0.104,1.284,2092.87,1230.775,9.212,48.835,984.523,578.978,0.198,5.926,5097.329,2997.637
Africa,1988,604511530.0,2.775,34.156,2092.485,1264.931,6.659,38.554,1021.539,617.532,4.248,127.326,5169.403,3124.964
Africa,1989,621167964.0,-2.884,-36.481,1977.646,1228.45,9.696,59.876,1090.539,677.408,10.37,324.068,5552.495,3449.032
Africa,1990,638157571.0,-0.588,-7.224,1913.675,1221.226,6.522,44.183,1130.74,721.591,7.171,247.34,5792.256,3696.372
Africa,1991,655040869.0,1.98,24.185,1901.271,1245.411,7.187,51.861,1180.769,773.452,3.739,138.225,5853.981,3834.597
Africa,1992,671931834.0,2.274,28.324,1895.631,1273.735,4.503,34.831,1202.924,808.283,1.896,72.7,5815.021,3907.298
Africa,1993,689140286.0,1.834,23.36,1882.193,1297.095,3.108,25.124,1209.343,833.407,-1.304,-50.938,5595.899,3856.36
Africa,1994,706488557.0,3.933,51.014,1908.182,1348.109,-5.251,-43.76,1117.706,789.646,-0.201,-7.767,5447.495,3848.593
Africa,1995,724331972.0,5.088,68.586,1955.864,1416.695,10.519,83.059,1204.841,872.705,1.62,62.361,5399.393,3910.953
Africa,1996,742765067.0,-0.307,-4.344,1901.477,1412.351,6.946,60.62,1256.555,933.325,3.238,126.621,5435.87,4037.574
Africa,1997,761224818.0,6.367,89.923,1973.495,1502.273,11.602,108.286,1368.336,1041.611,2.325,93.88,5427.377,4131.454
Africa,1998,779908311.0,1.343,20.174,1952.085,1522.447,6.5,67.705,1422.368,1109.316,0.336,13.892,5315.171,4145.346
Africa,1999,799099611.0,-0.172,-2.62,1901.925,1519.828,9.682,107.409,1522.621,1216.726,-2.827,-117.197,5040.86,4028.149
Africa,2000,818952374.0,-0.097,-1.474,1854.02,1518.354,11.037,134.287,1649.684,1351.012,7.228,291.173,5274.204,4319.322
Africa,2001,839464127.0,-0.251,-3.817,1804.171,1514.537,2.768,37.401,1653.928,1388.413,-1.004,-43.346,5093.697,4275.976
Africa,2002,860611762.0,-1.674,-25.354,1730.377,1489.183,4.387,60.906,1684.057,1449.319,0.673,28.767,5001.956,4304.742
Africa,2003,882349569.0,7.456,111.037,1813.589,1600.22,7.373,106.862,1763.679,1556.181,8.763,377.239,5306.265,4681.981
Africa,2004,904781595.0,2.212,35.395,1807.746,1635.615,5.112,79.552,1807.876,1635.733,11.293,528.725,5759.076,5210.706
Africa,2005,927898412.0,0.649,10.62,1774.154,1646.235,3.965,64.858,1832.735,1700.592,3.67,191.212,5821.669,5401.917
Africa,2006,951740562.0,-0.681,-11.208,1717.933,1635.026,8.282,140.85,1934.815,1841.442,2.333,126.003,5808.223,5527.921
Africa,2007,976461747.0,-0.039,-0.638,1673.786,1634.388,6.263,115.325,2003.936,1956.767,2.067,114.278,5778.208,5642.199
Africa,2008,1001981577.0,1.607,26.262,1657.366,1660.65,3.667,71.755,2024.51,2028.522,1.014,57.211,5688.139,5699.41
Africa,2009,1028200528.0,-0.842,-13.987,1601.5,1646.663,-5.696,-115.547,1860.508,1912.975,-3.802,-216.699,5332.336,5482.711
Africa,2010,1055233717.0,3.719,61.244,1618.51,1707.907,5.316,101.687,1909.21,2014.662,3.287,180.223,5366.521,5662.934
Africa,2011,1082676070.0,-0.549,-9.385,1568.818,1698.522,-0.453,-9.132,1852.382,2005.53,-16.641,-942.35,4360.107,4720.584
Africa,2012,1110797495.0,4.027,68.392,1590.671,1766.914,3.053,61.228,1860.607,2066.758,8.978,423.794,4631.248,5144.378
Africa,2013,1140180888.0,0.289,5.107,1554.158,1772.021,-3.692,-76.296,1745.742,1990.462,-7.343,-377.747,4180.592,4766.631
Africa,2014,1170299297.0,3.371,59.74,1565.207,1831.761,0.283,5.636,1705.631,1996.098,-4.647,-221.49,3883.742,4545.141
Africa,2015,1201108186.0,-3.971,-72.747,1464.493,1759.014,4.246,84.76,1732.449,2080.859,-1.124,-51.067,3741.606,4494.074
Africa,2016,1232111820.0,-0.155,-2.732,1425.424,1756.282,1.825,37.971,1719.674,2118.83,-6.647,-298.723,3405.008,4195.351
Africa,2017,1263333997.0,2.269,39.848,1421.739,1796.131,8.334,176.589,1816.954,2295.419,6.861,287.839,3548.697,4483.19
Africa,2018,1295265310.0,2.422,43.508,1420.28,1839.639,5.334,122.436,1866.687,2417.855,1.844,82.676,3525.043,4565.866
Africa,2019,1327701380.0,-2.336,-42.97,1353.218,1796.669,0.517,12.511,1830.507,2430.366,1.189,54.301,3479.824,4620.167
Africa,2020,1360677453.0,-3.898,-70.03,1268.956,1726.639,-4.777,-116.11,1700.812,2314.256,-16.644,-768.995,2830.334,3851.172
Africa,2021,1393676724.0,-4.619,-79.75,1181.687,1646.889,11.908,275.572,1858.271,2589.828,4.29,165.214,2881.864,4016.386
Africa,2022,1426736614.0,1.193,19.653,1168.08,1666.542,-3.87,-100.236,1744.956,2489.593,-3.772,-151.501,2708.899,3864.885
Asia,1900,931021418.0,,,111.64,103.939,,,0.0,0.0,,,7.108,6.617
Asia,1901,936837460.0,14.405,14.973,126.929,118.912,,0.0,0.0,0.0,56.415,3.733,11.049,10.351
Asia,1902,943188646.0,9.136,10.864,137.593,129.776,,0.0,0.0,0.0,-20.337,-2.105,8.742,8.246
Asia,1903,950002351.0,7.555,9.805,146.927,139.581,,0.0,0.0,0.0,77.292,6.373,15.388,14.619
Asia,1904,956881796.0,8.363,11.674,158.07,151.254,,0.0,0.0,0.0,22.037,3.222,18.644,17.84
Asia,1905,963829803.0,6.259,9.468,166.753,160.722,,0.0,0.0,0.0,17.992,3.21,21.84,21.05
Asia,1906,970850359.0,41.191,66.202,233.738,226.924,,0.0,0.0,0.0,4.696,0.989,22.701,22.039
Asia,1907,977962578.0,7.031,15.954,248.351,242.878,,0.0,0.0,0.0,17.414,3.838,26.46,25.877
Asia,1908,985168224.0,15.057,36.571,283.656,279.449,,0.0,0.0,0.0,6.472,1.675,27.966,27.551
Asia,1909,992399416.0,-2.59,-7.237,274.297,272.212,,0.0,0.0,0.0,13.212,3.64,31.431,31.192
Asia,1910,999734197.0,0.518,1.41,273.695,273.622,,0.0,0.0,0.0,-3.132,-0.977,30.223,30.215
Asia,1911,1006906259.0,17.464,47.786,319.204,321.408,,0.0,0.0,0.0,9.892,2.989,32.976,33.204
Asia,1912,1014258627.0,-8.576,-27.563,289.715,293.846,,0.0,0.0,0.0,-2.277,-0.756,31.992,32.448
Asia,1913,1021655026.0,9.006,26.463,313.52,320.309,,0.0,0.0,0.0,13.047,4.233,35.904,36.681
Asia,1914,1029157886.0,7.297,23.372,333.943,343.68,,0.0,0.0,0.0,6.373,2.338,37.913,39.019
Asia,1915,1036769812.0,-2.193,-7.538,324.221,336.143,,0.0,0.0,0.0,7.809,3.047,40.574,42.066
Asia,1916,1044435476.0,7.905,26.573,347.284,362.716,,0.0,0.0,0.0,11.252,4.733,44.808,46.799
Asia,1917,1052130725.0,10.654,38.645,381.474,401.361,,0.0,0.0,0.0,5.89,2.756,47.1,49.555
Asia,1918,1060373054.0,8.88,35.643,412.122,437.003,,0.0,0.0,0.0,2.605,1.291,47.951,50.846
Asia,1919,1068593053.0,12.049,52.654,458.226,489.657,,0.0,0.0,0.0,17.406,8.85,55.865,59.697
Asia,1920,1076882587.0,-8.503,-41.635,416.036,448.022,,0.0,0.0,0.0,12.351,7.373,62.282,67.07
Asia,1921,1084870900.0,-2.338,-10.473,403.319,437.549,,0.0,0.0,0.0,12.589,8.443,69.606,75.514
Asia,1922,1092809083.0,3.608,15.786,414.834,453.335,,1.651,1.511,1.651,12.768,9.641,77.923,85.155
Asia,1923,1100634861.0,7.75,35.131,443.804,488.466,29.673,0.49,1.946,2.141,18.069,15.386,91.349,100.541
Asia,1924,1108597477.0,7.326,35.786,472.897,524.252,22.883,0.49,2.374,2.631,8.791,8.839,98.665,109.38
Asia,1925,1116680767.0,1.301,6.819,475.58,531.071,18.622,0.49,2.795,3.121,3.934,4.303,101.805,113.683
Asia,1926,1124894923.0,-1.376,-7.306,465.613,523.765,15.698,0.49,3.21,3.611,2.21,2.512,103.294,116.195
Asia,1927,1133396748.0,7.57,39.651,497.104,563.416,13.568,0.49,3.619,4.101,12.741,14.805,115.582,131.0
Asia,1928,1141730060.0,1.898,10.693,502.842,574.109,11.947,0.49,4.021,4.591,9.917,12.991,126.117,143.991
Asia,1929,1151056239.0,3.052,17.523,513.991,591.632,34.033,1.563,5.346,6.154,6.227,8.967,132.885,152.958
Asia,1930,1161261469.0,-2.161,-12.788,498.461,578.844,-1.615,-0.099,5.214,6.055,2.175,3.326,134.581,156.284
Asia,1931,1172361616.0,-7.041,-40.755,458.979,538.089,12.084,0.732,5.789,6.786,-6.05,-9.455,125.242,146.829
Asia,1932,1184348844.0,-3.302,-17.768,439.331,520.321,10.781,0.732,6.348,7.518,9.038,13.27,135.179,160.099
Asia,1933,1197191774.0,8.89,46.257,473.255,566.577,9.732,0.732,6.891,8.25,8.637,13.828,145.279,173.927
Asia,1934,1210196783.0,12.313,69.761,525.814,636.338,8.869,0.732,7.421,8.981,13.373,23.26,162.938,197.187
Asia,1935,1223370395.0,8.016,51.011,561.849,687.349,8.146,0.732,7.939,9.713,17.069,33.657,188.695,230.844
Asia,1936,1236808546.0,8.482,58.298,602.88,745.647,7.533,0.732,8.445,10.444,9.728,22.458,204.802,253.301
Asia,1937,1250648056.0,4.712,35.132,624.3,780.78,19.411,2.027,9.972,12.472,16.846,42.67,236.655,295.972
Asia,1938,1264417870.0,5.702,44.517,652.709,825.297,-95.776,-11.945,0.417,0.527,2.059,6.094,238.897,302.066
Asia,1939,1276967495.0,7.926,65.417,697.523,890.714,-2.857,-0.015,0.401,0.512,1.047,3.163,239.027,305.229
Asia,1940,1288504299.0,14.297,127.344,790.108,1018.057,-2.941,-0.015,0.385,0.497,-7.88,-24.051,218.221,281.178
Asia,1941,1297916592.0,6.632,67.516,836.397,1085.573,-3.03,-0.015,0.371,0.482,-18.303,-51.463,176.988,229.716
Asia,1942,1306306710.0,-3.081,-33.45,805.418,1052.123,-3.125,-0.015,0.357,0.467,-4.475,-10.281,167.981,219.435
Asia,1943,1313105324.0,-5.043,-53.063,760.837,999.06,-3.226,-0.015,0.344,0.452,21.126,46.357,202.415,265.792
Asia,1944,1319615577.0,-1.265,-12.642,747.504,986.417,-3.333,-0.015,0.331,0.437,5.929,15.759,213.358,281.551
Asia,1945,1326239826.0,-37.48,-369.711,465.004,616.706,-3.448,-0.015,0.318,0.421,14.317,40.31,242.686,321.86
Asia,1946,1333266093.0,-19.658,-121.234,371.623,495.473,189.385,0.798,0.915,1.22,28.0,90.121,309.001,411.981
Asia,1947,1341005319.0,14.429,71.492,422.791,566.965,8.54,0.104,0.987,1.324,25.39,104.6,385.219,516.581
Asia,1948,1349300090.0,6.102,34.599,445.834,601.564,331.016,4.382,4.229,5.706,42.625,220.191,546.04,736.772
Asia,1949,1361855386.0,25.799,155.2,555.686,756.763,40.231,2.295,5.875,8.001,24.505,180.544,673.578,917.316
Asia,1950,1378554727.0,10.378,78.533,605.922,835.297,7.121,0.57,6.217,8.571,24.368,223.529,827.566,1140.845
Asia,1951,1405143078.0,12.993,108.528,671.693,943.825,31.875,2.732,8.044,11.303,11.219,127.988,902.992,1268.833
Asia,1952,1434494047.0,10.916,103.032,729.774,1046.857,30.74,3.474,10.301,14.777,7.847,99.564,953.923,1368.397
Asia,1953,1465867616.0,4.955,51.874,749.543,1098.731,26.837,3.966,12.786,18.743,15.84,216.76,1081.378,1585.157
Asia,1954,1498211442.0,2.373,26.071,750.763,1124.802,16.806,3.15,14.613,21.893,12.471,197.687,1189.982,1782.844
Asia,1955,1532368957.0,12.751,143.421,827.622,1268.223,62.13,13.602,23.164,35.495,16.917,301.601,1360.276,2084.445
Asia,1956,1566934853.0,9.828,124.64,888.909,1392.863,20.271,7.195,27.244,42.69,6.722,140.118,1419.691,2224.563
Asia,1957,1603074679.0,14.524,202.306,995.068,1595.169,15.976,6.82,30.885,49.51,4.291,95.447,1447.225,2320.01
Asia,1958,1639899539.0,52.01,829.644,1478.635,2424.813,3.129,1.549,31.136,51.06,18.618,431.938,1678.12,2751.949
Asia,1959,1672174028.0,17.962,435.539,1710.559,2860.352,19.592,10.003,36.517,61.063,8.569,235.822,1786.758,2987.77
Asia,1960,1698939691.0,19.093,546.14,2005.069,3406.491,40.809,24.92,50.61,85.983,14.499,433.183,2013.581,3420.953
Asia,1961,1725304326.0,-27.16,-925.188,1438.183,2481.303,11.951,10.276,55.792,96.259,6.634,226.948,2114.352,3647.901
Asia,1962,1760632925.0,2.759,68.451,1448.203,2549.754,16.202,15.596,63.531,111.855,9.519,347.237,2269.148,3995.137
Asia,1963,1806724539.0,1.431,36.48,1431.449,2586.234,16.065,17.969,71.856,129.824,9.364,374.091,2418.314,4369.228
Asia,1964,1854882565.0,8.561,221.417,1513.655,2807.651,14.372,18.659,80.05,148.483,11.382,497.287,2623.624,4866.515
Asia,1965,1901594742.0,3.692,103.658,1530.983,2911.309,9.849,14.625,85.774,163.107,10.707,521.08,2833.198,5387.595
Asia,1966,1948036863.0,7.124,207.413,1600.956,3118.722,7.456,12.162,89.972,175.269,11.552,622.367,3085.137,6009.961
Asia,1967,1994226633.0,-19.051,-594.142,1265.944,2524.58,12.043,21.108,98.473,196.377,6.774,407.132,3217.836,6417.094
Asia,1968,2042761361.0,17.746,448.017,1455.185,2972.597,35.611,69.932,130.367,266.309,12.818,822.573,3544.059,7239.667
Asia,1969,2093665797.0,5.955,177.003,1504.347,3149.6,19.389,51.635,151.86,317.944,10.506,760.629,3821.19,8000.296
Asia,1970,2144906508.0,5.424,170.827,1548.052,3320.427,-25.425,-80.837,110.544,237.107,13.875,1110.032,4247.424,9110.328
Asia,1971,2195423804.0,3.858,128.102,1570.781,3448.529,33.334,79.038,144.002,316.145,16.83,1533.271,4848.084,10643.599
Asia,1972,2245577141.0,2.024,69.784,1566.775,3518.313,17.599,55.637,165.562,371.782,12.215,1300.13,5318.779,11943.729
Asia,1973,2296593872.0,5.042,177.385,1609.208,3695.698,18.562,69.011,191.933,440.793,17.34,2071.021,6102.406,14014.749
Asia,1974,2346946783.0,1.973,72.934,1605.76,3768.632,14.098,62.145,214.295,502.938,3.636,509.625,6188.625,14524.374
Asia,1975,2395376069.0,9.003,339.307,1714.946,4107.939,11.277,56.717,233.64,559.655,-8.228,-1195.041,5564.61,13329.333
Asia,1976,2442681709.0,2.199,90.344,1718.719,4198.284,9.801,54.851,251.57,614.506,14.014,1867.995,6221.575,15197.328
Asia,1977,2489872409.0,6.817,286.187,1801.084,4484.47,18.963,116.53,293.604,731.037,1.794,272.578,6213.132,15469.906
Asia,1978,2536783728.0,9.282,416.25,1931.864,4900.721,10.65,77.859,318.867,808.896,-3.208,-496.21,5902.63,14973.696
Asia,1979,2584916791.0,2.442,119.698,1942.198,5020.419,16.773,135.674,365.416,944.57,2.39,357.807,5931.14,15331.503
Asia,1980,2635334410.0,4.685,235.198,1994.288,5255.617,0.528,4.984,360.317,949.555,-12.231,-1875.244,5106.092,13456.259
Asia,1981,2687793098.0,-3.802,-199.827,1881.019,5055.79,2.39,22.692,361.727,972.247,-11.998,-1614.474,4405.765,11841.785
Asia,1982,2742593626.0,5.674,286.885,1948.037,5342.675,7.738,75.233,381.93,1047.479,-13.994,-1657.083,3713.53,10184.702
Asia,1983,2797881469.0,6.112,326.533,2026.25,5669.208,8.603,90.118,406.592,1137.598,-7.236,-736.957,3376.75,9447.745
Asia,1984,2853170213.0,8.832,500.724,2162.483,6169.933,22.523,256.222,488.516,1393.819,-1.181,-111.575,3272.209,9336.17
Asia,1985,2909856492.0,20.864,1287.272,2562.74,7457.205,101.519,1414.997,965.277,2808.816,2.195,204.937,3278.892,9541.106
Asia,1986,2968294733.0,3.317,247.363,2595.621,7704.567,9.328,262.001,1034.539,3070.817,15.923,1519.273,3726.173,11060.38
Asia,1987,3028624604.0,3.884,299.215,2642.712,8003.782,5.59,171.655,1070.609,3242.472,-0.054,-5.943,3649.986,11054.437
Asia,1988,3089224548.0,4.422,353.903,2705.432,8357.686,5.193,168.366,1104.108,3410.838,11.802,1304.593,4000.69,12359.029
Asia,1989,3149702853.0,6.168,515.541,2817.163,8873.227,4.613,157.35,1132.865,3568.187,5.895,728.618,4155.201,13087.647
Asia,1990,3210563750.0,1.794,159.176,2813.338,9032.402,1.094,39.049,1123.552,3607.237,5.06,662.188,4282.686,13749.835
Asia,1991,3269054085.0,1.327,119.878,2799.672,9152.28,4.085,147.342,1148.521,3754.579,-0.254,-34.972,4195.361,13714.863
Asia,1992,3324377494.0,2.435,222.886,2820.127,9375.166,-2.931,-110.063,1096.3,3644.516,7.459,1023.029,4433.279,14737.893
Asia,1993,3378235529.0,1.737,162.873,2823.379,9538.039,2.585,94.208,1106.709,3738.724,2.761,406.908,4483.051,15144.801
Asia,1994,3431170953.0,5.413,516.331,2930.303,10054.37,0.885,33.094,1099.28,3771.818,2.037,308.491,4503.795,15453.292
Asia,1995,3483316665.0,7.195,723.362,3094.101,10777.732,6.264,236.267,1150.652,4008.085,1.182,182.677,4488.816,15635.969
Asia,1996,3534544077.0,3.163,340.905,3145.706,11118.638,8.206,328.902,1227.029,4336.987,2.383,372.646,4529.188,16008.615
Asia,1997,3585198287.0,0.146,16.254,3105.795,11134.892,2.756,119.531,1243.032,4456.518,2.661,425.918,4583.996,16434.533
Asia,1998,3635442850.0,-2.842,-316.452,2975.824,10818.439,3.424,152.581,1267.823,4609.099,5.474,899.604,4768.095,17334.137
Asia,1999,3685232690.0,1.566,169.37,2981.578,10987.81,8.779,404.652,1360.498,5013.751,-2.411,-417.873,4590.284,16916.264
Asia,2000,3735089775.0,4.624,508.044,3077.798,11495.854,11.182,560.639,1492.438,5574.39,5.836,987.225,4793.322,17903.488
Asia,2001,3785215058.0,5.72,657.585,3210.766,12153.438,5.238,291.976,1549.811,5866.366,-1.122,-200.84,4676.788,17702.648
Asia,2002,3834687401.0,5.848,710.771,3354.696,12864.209,7.684,450.753,1647.362,6317.119,-5.174,-915.857,4377.617,16786.791
Asia,2003,3883310793.0,14.828,1907.514,3803.899,14771.723,6.102,385.46,1725.996,6702.579,6.655,1117.182,4610.492,17903.973
Asia,2004,3931402529.0,15.231,2249.893,4329.655,17021.615,7.704,516.395,1836.234,7218.974,6.274,1123.369,4839.835,19027.342
Asia,2005,3979329053.0,11.081,1886.207,4751.51,18907.822,8.067,582.38,1960.47,7801.354,2.728,519.123,4912.0,19546.465
Asia,2006,4027291741.0,7.773,1469.65,5059.845,20377.473,5.169,403.214,2037.242,8204.568,1.693,330.881,4935.661,19877.346
Asia,2007,4074998014.0,8.01,1632.164,5401.141,22009.637,7.364,604.181,2161.657,8808.749,-0.344,-68.402,4861.093,19808.943
Asia,2008,4122790915.0,4.884,1074.914,5599.253,23084.551,6.818,600.546,2282.263,9409.295,3.883,769.188,4991.311,20578.131
Asia,2009,4171339685.0,3.43,791.758,5723.895,23876.309,0.498,46.901,2266.945,9456.196,-4.633,-953.309,4704.681,19624.822
Asia,2010,4220041467.0,7.224,1724.729,6066.537,25601.037,11.171,1056.377,2491.107,10512.573,2.868,562.77,4783.743,20187.592
Asia,2011,4268479060.0,10.577,2707.717,6632.047,28308.754,6.188,650.535,2615.243,11163.108,5.807,1172.318,5004.104,21359.91
Asia,2012,4317165429.0,1.569,444.102,6660.124,28752.855,3.133,349.791,2666.773,11512.899,1.352,288.861,5014.58,21648.771
Asia,2013,4365286895.0,2.667,766.807,6762.365,29519.662,2.292,263.853,2697.819,11776.752,-1.067,-231.029,4906.377,21417.742
Asia,2014,4412496398.0,-1.082,-319.324,6617.646,29200.338,3.786,445.895,2770.007,12222.646,0.532,113.977,4879.713,21531.719
Asia,2015,4458250376.0,-1.436,-419.246,6455.692,28781.092,2.481,303.3,2809.61,12525.946,4.176,899.238,5031.336,22430.957
Asia,2016,4502955714.0,-5.315,-1529.613,6051.909,27251.479,1.812,226.986,2832.125,12752.933,3.707,831.562,5166.056,23262.52
Asia,2017,4547095064.0,2.525,688.117,6144.494,27939.596,1.687,215.169,2851.953,12968.102,-1.622,-377.301,5032.932,22885.219
Asia,2018,4588802751.0,6.493,1814.236,6484.008,29753.832,2.924,379.142,2908.655,13347.243,0.482,110.414,5011.249,22995.633
Asia,2019,4627738749.0,3.627,1079.096,6662.634,30832.928,1.823,243.263,2936.749,13590.506,-4.095,-941.736,4765.588,22053.896
Asia,2020,4663086623.0,-0.196,-60.383,6599.179,30772.545,-0.431,-58.622,2901.916,13531.884,-6.84,-1508.396,4405.987,20545.5
Asia,2021,4693332132.0,4.237,1303.766,6834.443,32076.311,4.996,676.063,3027.262,14207.947,0.977,200.756,4420.368,20746.256
Asia,2022,4721383370.0,10.431,3345.779,7502.481,35422.09,1.164,165.359,3044.3,14373.307,6.718,1393.684,4689.291,22139.939
Europe,1900,406610221.0,,,8143.427,3311.201,,,0.0,0.0,,,314.368,127.825
Europe,1901,410099626.0,-2.887,-95.578,7841.076,3215.622,,0.0,0.0,0.0,12.055,15.41,349.269,143.235
Europe,1902,413672640.0,0.627,20.148,7822.055,3235.77,,0.0,0.0,0.0,-3.483,-4.989,334.191,138.246
Europe,1903,417316451.0,4.256,137.72,8083.77,3373.49,,0.0,0.0,0.0,-3.55,-4.908,319.513,133.338
Europe,1904,420997949.0,1.562,52.696,8138.25,3426.186,,0.0,0.0,0.0,6.201,8.269,336.36,141.607
Europe,1905,424717568.0,5.221,178.879,8488.146,3605.065,,0.0,0.0,0.0,-25.879,-36.646,247.131,104.961
Europe,1906,428474753.0,3.772,135.974,8731.062,3741.039,,0.0,0.0,0.0,9.385,9.851,267.954,114.811
Europe,1907,432272939.0,6.876,257.218,9249.382,3998.258,,0.0,0.0,0.0,10.869,12.479,294.468,127.29
Europe,1908,436109583.0,0.205,8.2,9186.813,4006.457,,0.0,0.0,0.0,6.313,8.036,310.304,135.327
Europe,1909,439411115.0,0.997,39.964,9208.736,4046.421,,0.0,0.0,0.0,9.711,13.142,337.881,148.469
Europe,1910,442194261.0,2.358,95.417,9366.559,4141.838,,0.0,0.0,0.0,0.157,0.233,336.28,148.701
Europe,1911,444363548.0,3.345,138.531,9632.584,4280.369,,0.0,0.0,0.0,-3.895,-5.792,321.605,142.909
Europe,1912,446030669.0,3.296,141.09,9912.903,4421.459,,0.0,0.0,0.0,0.537,0.768,322.124,143.677
Europe,1913,447157148.0,7.683,339.69,10647.598,4761.149,,0.0,0.0,0.0,-1.578,-2.268,316.24,141.409
Europe,1914,448307128.0,-12.128,-577.421,9332.282,4183.729,,0.0,0.0,0.0,-3.446,-4.873,304.56,136.536
Europe,1915,449423592.0,-5.621,-235.188,8785.789,3948.541,,0.0,0.0,0.0,-0.043,-0.058,303.674,136.478
Europe,1916,450498535.0,4.01,158.339,9116.3,4106.88,,0.0,0.0,0.0,0.358,0.488,304.033,136.967
Europe,1917,451568957.0,-2.399,-98.514,8876.53,4008.366,,0.0,0.0,0.0,-11.667,-15.98,267.926,120.987
Europe,1918,452645916.0,-10.143,-406.579,7957.184,3601.787,,0.0,0.0,0.0,-46.794,-56.615,142.213,64.372
Europe,1919,454193229.0,-15.442,-556.196,6705.495,3045.591,,0.0,0.0,0.0,12.412,7.99,159.32,72.362
Europe,1920,456331461.0,13.045,397.311,7544.738,3442.901,,0.0,0.0,0.0,-5.513,-3.989,149.831,68.373
Europe,1921,458830774.0,-10.976,-377.892,6680.043,3065.009,,0.0,0.0,0.0,-1.599,-1.093,146.633,67.28
Europe,1922,461876989.0,19.773,606.056,7948.145,3671.065,,6.83,14.787,6.83,19.62,13.2,174.245,80.48
Europe,1923,465339545.0,-1.085,-39.845,7803.376,3631.22,20.353,1.39,17.664,8.22,11.069,8.909,192.092,89.388
Europe,1924,468840370.0,8.949,324.941,8438.182,3956.16,16.911,1.39,20.497,9.61,15.535,13.886,220.276,103.274
Europe,1925,472396648.0,-1.459,-57.737,8252.437,3898.423,14.465,1.39,23.286,11.0,17.173,17.736,256.162,121.01
Europe,1926,475977573.0,-14.763,-575.541,6981.174,3322.882,12.637,1.39,26.031,12.39,20.413,24.702,306.133,145.712
Europe,1927,479582375.0,31.057,1031.999,9080.57,4354.881,11.219,1.39,28.734,13.78,18.804,27.4,360.965,173.113
Europe,1928,483231273.0,-0.487,-21.228,8968.074,4333.654,10.088,1.39,31.394,15.17,12.939,22.399,404.593,195.512
Europe,1929,486856416.0,8.03,347.987,9616.062,4681.641,26.258,3.983,39.342,19.154,15.46,30.226,463.665,225.738
Europe,1930,490484387.0,-6.599,-308.942,8915.062,4372.699,20.797,3.983,47.173,23.137,30.015,67.756,598.377,293.495
Europe,1931,494043284.0,-7.06,-308.693,8226.012,4064.006,17.217,3.983,54.896,27.121,19.377,56.871,709.18,350.365
Europe,1932,497592961.0,-6.986,-283.898,7596.786,3780.107,14.688,3.983,62.51,31.104,-1.56,-5.466,693.135,344.899
Europe,1933,501105780.0,2.823,106.716,7756.492,3886.823,12.807,3.983,70.021,35.088,0.469,1.617,691.502,346.516
Europe,1934,504644354.0,8.648,336.128,8368.173,4222.951,11.353,3.983,77.423,39.071,12.918,44.764,775.357,391.28
Europe,1935,508206993.0,5.028,212.315,8727.283,4435.266,10.195,3.983,84.719,43.055,2.969,11.618,792.783,402.898
Europe,1936,511795020.0,6.077,269.522,9192.72,4704.788,9.252,3.983,91.908,47.038,7.419,29.889,845.626,432.787
Europe,1937,515411747.0,8.142,383.066,9871.437,5087.854,8.469,3.983,98.992,51.022,-1.018,-4.408,831.14,428.379
Europe,1938,519033503.0,0.309,15.697,9832.798,5103.551,1.388,0.708,99.666,51.73,3.787,16.224,856.598,444.603
Europe,1939,522615965.0,1.254,64.007,9887.869,5167.558,1.369,0.708,100.338,52.438,0.296,1.314,853.241,445.917
Europe,1940,525771260.0,7.481,386.562,10563.759,5554.121,1.351,0.708,101.083,53.146,3.023,13.479,873.758,459.397
Europe,1941,528507172.0,-2.065,-114.701,10292.046,5439.42,1.333,0.708,101.899,53.855,1.795,8.246,884.836,467.642
Europe,1942,530947857.0,-5.56,-302.453,9675.088,5136.967,1.315,0.708,102.765,54.563,-1.659,-7.757,866.159,459.885
Europe,1943,533166124.0,6.02,309.255,10214.869,5446.222,1.298,0.708,103.666,55.271,-8.603,-39.565,788.347,420.32
Europe,1944,535512973.0,-12.192,-663.987,8930.195,4782.235,1.281,0.708,104.534,55.979,22.313,93.784,960.022,514.104
Europe,1945,537405457.0,-29.925,-1431.067,6235.828,3351.168,1.265,0.708,105.483,56.687,-41.258,-212.108,561.952,301.996
Europe,1946,538579645.0,30.278,1014.662,8106.192,4365.83,11.522,6.532,117.381,63.219,10.213,30.843,617.994,332.839
Europe,1947,540201613.0,10.564,461.225,8935.654,4827.055,14.13,8.933,133.564,72.152,14.302,47.602,704.257,380.441
Europe,1948,542680809.0,10.325,498.4,9813.235,5325.455,32.878,23.722,176.667,95.874,11.647,44.31,782.69,424.751
Europe,1949,545615974.0,9.135,486.494,10652.086,5811.948,30.712,29.445,229.684,125.319,14.95,63.5,894.861,488.251
Europe,1950,550216093.0,5.282,306.981,11120.956,6118.929,-0.98,-1.228,225.531,124.091,13.53,66.058,1007.439,554.309
Europe,1951,555061185.0,6.207,379.832,11708.188,6498.761,18.06,22.411,263.938,146.502,13.91,77.107,1137.561,631.416
Europe,1952,560119243.0,4.277,277.944,12098.683,6776.705,12.689,18.589,294.743,165.091,14.735,93.04,1293.396,724.456
Europe,1953,565576038.0,2.116,143.39,12235.48,6920.095,14.509,23.953,334.251,189.045,12.586,91.179,1442.132,815.635
Europe,1954,571196736.0,3.887,269.017,12586.052,7189.112,10.682,20.194,366.316,209.238,12.241,99.844,1602.738,915.479
Europe,1955,576839472.0,5.136,369.222,13103.01,7558.333,14.648,30.65,415.867,239.889,18.071,165.437,1873.858,1080.915
Europe,1956,582519126.0,4.287,324.047,13531.539,7882.38,21.978,52.724,502.322,292.612,15.242,164.751,2138.412,1245.666
Europe,1957,588264858.0,3.295,259.704,13840.847,8142.084,30.02,87.842,646.74,380.454,15.077,187.813,2436.792,1433.479
Europe,1958,594232834.0,2.291,186.503,14015.696,8328.587,32.574,123.927,848.795,504.382,12.629,181.033,2716.968,1614.511
Europe,1959,600259340.0,1.064,88.648,14022.664,8417.235,25.239,127.301,1052.35,631.683,12.722,205.397,3031.871,1819.909
Europe,1960,606215982.0,0.708,59.611,13983.212,8476.847,17.583,111.07,1225.227,742.752,13.048,237.461,3393.791,2057.37
Europe,1961,612306138.0,0.91,77.138,13970.11,8553.984,23.061,171.285,1492.778,914.037,11.251,231.472,3738.068,2288.842
Europe,1962,618273684.0,1.659,141.945,14064.854,8695.93,20.526,187.618,1781.824,1101.655,10.997,251.708,4109.103,2540.55
Europe,1963,623943380.0,1.652,143.657,14167.29,8839.587,18.159,200.046,2086.248,1301.7,9.779,248.452,4469.96,2789.002
Europe,1964,629557545.0,2.593,229.169,14404.968,9068.756,18.063,235.13,2441.127,1536.83,8.191,228.437,4792.951,3017.438
Europe,1965,634885238.0,-0.012,-1.049,14282.435,9067.707,16.174,248.563,2812.15,1785.393,8.649,260.989,5163.811,3278.427
Europe,1966,639887368.0,-1.408,-127.634,13971.323,8940.073,12.532,223.742,3139.825,2009.134,8.1,265.537,5538.418,3543.964
Europe,1967,644742383.0,-1.664,-148.794,13635.336,8791.279,12.503,251.205,3505.802,2260.339,7.971,282.493,5934.861,3826.456
Europe,1968,649242981.0,-0.033,-2.916,13536.324,8788.363,13.194,298.229,3940.849,2558.569,6.596,252.406,6282.489,4078.862
Europe,1969,653377719.0,0.226,19.905,13481.128,8808.269,13.973,357.506,4463.076,2916.074,5.596,228.239,6592.053,4307.101
Europe,1970,657162493.0,1.451,127.831,13598.006,8936.1,0.283,8.248,4449.923,2924.323,6.665,287.075,6990.928,4594.176
Europe,1971,661120693.0,0.887,79.258,13636.478,9015.357,12.634,369.448,4982.101,3293.77,5.973,274.407,7364.136,4868.583
Europe,1972,665447567.0,-5.562,-501.405,12794.324,8513.952,10.542,347.246,5471.529,3641.016,5.954,289.874,7751.86,5158.457
Europe,1973,669560034.0,1.072,91.248,12852.021,8605.2,9.177,334.137,5936.963,3975.153,6.504,335.505,8205.331,5493.962
Europe,1974,673561825.0,-0.668,-57.482,12690.324,8547.718,10.629,422.501,6528.954,4397.654,6.38,350.5,8676.95,5844.462
Europe,1975,677416162.0,3.773,322.507,13094.203,8870.225,7.93,348.732,7006.603,4746.386,8.079,472.184,9324.616,6316.646
Europe,1976,681010392.0,1.209,107.214,13182.528,8977.438,9.025,428.354,7598.621,5174.74,8.0,505.35,10017.463,6821.996
Europe,1977,684505429.0,0.788,70.74,13218.563,9048.179,5.789,299.554,7997.443,5474.293,8.865,604.783,10849.847,7426.779
Europe,1978,687813873.0,0.838,75.849,13265.256,9124.027,5.448,298.249,8392.593,5772.542,6.961,516.994,11549.306,7943.773
Europe,1979,690959650.0,0.962,87.745,13331.853,9211.772,6.942,400.748,8934.371,6173.29,5.834,463.442,12167.447,8407.215
Europe,1980,694116870.0,-8.842,-814.528,12097.738,8397.244,3.801,234.643,9231.778,6407.933,3.274,275.253,12508.654,8682.468
Europe,1981,697116698.0,9.388,788.337,13176.533,9185.581,3.86,247.341,9546.858,6655.274,1.793,155.708,12678.187,8838.176
Europe,1982,699916920.0,2.906,266.923,13505.18,9452.504,3.154,209.94,9808.614,6865.215,2.733,241.545,12972.569,9079.721
Europe,1983,702722581.0,-0.837,-79.101,13338.696,9373.403,5.507,378.038,10307.414,7243.253,3.118,283.129,13323.679,9362.85
Europe,1984,705518662.0,-5.271,-494.028,12585.599,8879.375,7.212,522.414,11007.032,7765.667,1.527,142.994,13473.554,9505.844
Europe,1985,708248307.0,-3.562,-316.299,12090.5,8563.076,-10.811,-839.521,9779.263,6926.146,-7.065,-671.571,12473.411,8834.272
Europe,1986,711128862.0,2.229,190.843,12309.892,8753.919,4.087,283.08,10137.721,7209.226,2.99,264.135,12794.315,9098.407
Europe,1987,714220723.0,-1.076,-94.189,12124.725,8659.729,5.489,395.69,10647.852,7604.917,1.573,143.086,12939.268,9241.493
Europe,1988,717211211.0,0.008,0.652,12075.079,8660.382,3.604,274.117,10985.653,7879.034,-0.353,-32.608,12839.851,9208.885
Europe,1989,719885867.0,-4.18,-362.028,11527.318,8298.354,3.302,260.187,11306.265,8139.22,-2.808,-258.61,12432.907,8950.274
Europe,1990,722286138.0,-6.705,-556.417,10718.656,7741.937,3.546,288.641,11668.313,8427.861,-3.97,-355.302,11899.679,8594.973
Europe,1991,724402343.0,-8.959,-693.634,9729.817,7048.303,-0.01,-0.868,11633.028,8426.993,-5.793,-497.932,11177.546,8097.041
Europe,1992,726070329.0,-5.251,-370.092,9197.747,6678.211,-0.307,-25.843,11570.712,8401.15,-6.898,-558.503,10382.655,7538.538
Europe,1993,727268328.0,-9.42,-629.08,8317.605,6049.131,-1.626,-136.641,11363.77,8264.51,-4.985,-375.769,9848.867,7162.769
Europe,1994,727908035.0,-9.896,-598.61,7487.925,5450.521,-1.205,-99.565,11217.0,8164.944,0.774,55.453,9916.393,7218.222
Europe,1995,728163234.0,-2.123,-115.708,7326.396,5334.812,-1.106,-90.341,11089.002,8074.604,0.85,61.353,9997.174,7279.575
Europe,1996,728333999.0,-4.793,-255.72,6973.576,5079.092,5.548,448.007,11701.514,8522.61,1.294,94.196,10124.161,7373.771
Europe,1997,728464357.0,-1.27,-64.519,6883.76,5014.574,-3.895,-331.956,11243.727,8190.654,0.717,52.836,10194.881,7426.607
Europe,1998,728360707.0,-8.27,-414.695,6315.385,4599.878,2.041,167.185,11474.862,8357.839,-0.93,-69.083,10101.483,7357.524
Europe,1999,728032064.0,-0.666,-30.627,6276.167,4569.251,1.338,111.789,11633.592,8469.628,0.89,65.477,10195.98,7423.0
Europe,2000,727917165.0,-1.545,-70.58,6180.196,4498.671,0.002,0.183,11635.679,8469.811,3.753,278.549,10580.255,7701.549
Europe,2001,727842834.0,1.31,58.941,6261.808,4557.612,0.197,16.698,11659.81,8486.509,2.373,182.769,10832.445,7884.318
Europe,2002,727921167.0,-1.912,-87.129,6141.438,4470.483,2.538,215.414,11954.485,8701.923,4.428,349.118,11310.889,8233.436
Europe,2003,728424985.0,2.175,97.222,6270.66,4567.705,3.045,264.971,12309.976,8966.894,3.973,327.12,11752.145,8560.556
Europe,2004,729181616.0,-1.045,-47.732,6198.693,4519.973,2.593,232.537,12616.104,9199.431,3.277,280.544,12124.688,8841.1
Europe,2005,729987229.0,-2.024,-91.493,6066.517,4428.48,-0.314,-28.885,12562.611,9170.546,-1.594,-140.959,11918.209,8700.141
Europe,2006,730912800.0,0.702,31.089,6101.37,4459.569,0.883,80.983,12657.501,9251.529,-1.223,-106.365,11757.593,8593.775
Europe,2007,732466669.0,-1.016,-45.312,6026.565,4414.258,-1.867,-172.706,12394.862,9078.823,-0.167,-14.375,11713.025,8579.4
Europe,2008,734348289.0,-0.67,-29.556,5970.875,4384.702,2.644,240.084,12690.037,9318.907,-1.975,-169.466,11452.242,8409.935
Europe,2009,736013515.0,-5.73,-251.233,5616.023,4133.469,-9.887,-921.318,11409.558,8397.589,-0.779,-65.511,11337.324,8344.424
Europe,2010,737406197.0,2.066,85.378,5721.198,4218.847,8.187,687.522,12320.362,9085.111,-0.725,-60.469,11233.91,8283.955
Europe,2011,738734474.0,3.902,164.606,5933.734,4383.454,-0.757,-68.755,12205.139,9016.356,-1.451,-120.2,11051.001,8163.755
Europe,2012,740063831.0,3.19,139.852,6112.048,4523.306,-1.361,-122.693,12017.427,8893.663,-1.071,-87.473,10912.953,8076.282
Europe,2013,741180502.0,-1.778,-80.421,5994.336,4442.885,0.58,51.551,12068.874,8945.214,-0.457,-36.874,10846.762,8039.408
Europe,2014,742190861.0,-4.472,-198.665,5718.502,4244.22,-4.168,-372.854,11550.074,8572.359,0.861,69.251,10925.302,8108.659
Europe,2015,743294457.0,-0.889,-37.733,5659.247,4206.487,-1.394,-119.536,11372.105,8452.823,2.006,162.648,11127.901,8271.308
Europe,2016,744516175.0,-0.57,-23.962,5617.775,4182.524,0.465,39.271,11406.191,8492.094,2.135,176.555,11346.781,8447.862
Europe,2017,745657647.0,1.357,56.746,5685.277,4239.271,5.776,490.503,12046.543,8982.597,-0.379,-31.992,11286.507,8415.87
Europe,2018,746577709.0,3.466,146.934,5875.081,4386.204,2.487,223.417,12330.952,9206.014,1.054,88.726,11391.44,8504.596
Europe,2019,747418251.0,-5.846,-256.4,5525.425,4129.804,-0.731,-67.269,12227.083,9138.745,0.22,18.702,11403.652,8523.298
Europe,2020,747462669.0,-10.972,-453.137,4918.863,3676.667,-6.187,-565.42,11469.904,8573.325,-5.535,-471.775,10771.806,8051.522
Europe,2021,746417727.0,7.985,293.569,5319.053,3970.236,6.502,557.437,12232.777,9130.762,1.005,80.882,10895.246,8132.405
Europe,2022,744806995.0,0.119,4.743,5336.925,3974.979,-8.141,-743.315,11261.234,8387.446,-0.456,-37.08,10869.024,8095.325
North America,1900,104231973.0,,,17989.979,1875.131,,,708.424,73.84,,,960.018,100.065
North America,1901,104616860.0,8.872,166.369,19514.059,2041.5,10.817,7.988,782.169,81.828,8.729,8.734,1039.972,108.799
North America,1902,106477643.0,4.591,93.727,20053.283,2135.226,9.761,7.988,843.517,89.816,27.322,29.726,1300.977,138.525
North America,1903,108428724.0,16.502,352.363,22942.164,2487.59,8.893,7.988,902.006,97.803,13.089,18.131,1444.784,156.656
North America,1904,110417960.0,-1.406,-34.986,22212.0,2452.604,8.167,7.988,958.096,105.791,16.585,25.981,1654.056,182.638
North America,1905,112446137.0,11.436,280.488,24305.789,2733.092,7.55,7.988,1011.85,113.779,15.149,27.668,1870.276,210.305
North America,1906,114514037.0,5.622,153.648,25208.613,2886.74,7.02,7.988,1063.33,121.766,-5.912,-12.432,1727.935,197.873
North America,1907,116622474.0,15.759,454.911,28653.578,3341.651,6.56,7.988,1112.598,129.754,31.686,62.697,2234.305,260.57
North America,1908,118772271.0,-12.99,-434.096,24480.084,2907.555,6.156,7.988,1159.711,137.742,9.056,23.597,2392.54,284.167
North America,1909,120825361.0,10.438,303.492,26575.934,3211.047,5.799,7.988,1206.114,145.729,1.854,5.268,2395.489,289.436
North America,1910,124487422.0,9.178,294.717,28161.588,3505.763,8.138,11.86,1265.903,157.589,14.614,42.298,2664.8,331.734
North America,1911,124659444.0,-1.337,-46.879,27746.668,3458.884,5.315,8.376,1331.35,165.965,9.897,32.831,2924.492,364.566
North America,1912,126373739.0,8.082,279.553,29582.389,3738.437,5.047,8.376,1379.572,174.342,2.176,7.932,2947.584,372.497
North America,1913,128008940.0,6.479,242.228,31096.771,3980.665,4.805,8.376,1427.385,182.718,14.54,54.161,3333.034,426.658
North America,1914,129670121.0,-9.845,-391.916,27675.99,3588.749,4.584,8.376,1473.696,191.094,4.626,19.736,3442.538,446.394
North America,1915,131357719.0,3.272,117.438,28214.461,3706.187,4.383,8.376,1518.53,199.471,9.439,42.135,3719.079,488.53
North America,1916,133072189.0,10.92,404.73,30892.383,4110.917,4.199,8.376,1561.911,207.847,8.739,42.694,3991.995,531.224
North America,1917,134813988.0,10.055,413.34,33559.258,4524.257,4.03,8.376,1603.864,216.223,16.523,87.772,4591.476,618.995
North America,1918,136628244.0,4.551,205.877,34620.473,4730.134,3.874,8.376,1643.874,224.6,7.671,47.485,4878.057,666.48
North America,1919,138516702.0,-18.023,-852.51,27993.912,3877.625,3.729,8.376,1681.934,232.976,14.058,93.691,5487.942,760.172
North America,1920,142422826.0,18.915,733.439,32375.875,4611.063,3.595,8.376,1694.618,241.352,32.89,250.022,7092.918,1010.193
North America,1921,142550732.0,-22.682,-1045.898,25009.803,3565.166,3.471,8.376,1751.858,249.729,8.294,83.782,7674.292,1093.976
North America,1922,144637581.0,-5.661,-201.807,23253.699,3363.359,3.354,8.376,1784.494,258.105,10.678,116.812,8371.183,1210.788
North America,1923,146833208.0,37.114,1248.261,31407.197,4611.62,17.001,43.88,2056.654,301.985,18.667,226.017,9785.287,1436.805
North America,1924,149063416.0,-13.236,-610.399,26842.408,4001.221,14.531,43.88,2320.257,345.865,-2.865,-41.17,9362.692,1395.635
North America,1925,151328781.0,1.701,68.073,26890.414,4069.294,12.687,43.88,2575.489,389.746,2.442,34.076,9447.713,1429.711
North America,1926,153629888.0,13.225,538.178,29990.729,4607.472,11.259,43.88,2822.535,433.626,-1.596,-22.818,9157.676,1406.893
North America,1927,155967344.0,-8.686,-400.222,26975.197,4207.25,10.119,43.88,3061.576,477.506,10.79,151.806,9993.753,1558.699
North America,1928,158341743.0,-3.484,-146.566,25645.064,4060.684,9.189,43.88,3292.79,521.386,-1.513,-23.586,9694.938,1535.114
North America,1929,160564224.0,5.472,222.196,26673.936,4282.88,4.8,25.027,3403.08,546.413,10.509,161.32,10565.449,1696.433
North America,1930,164821906.0,-11.861,-507.983,22902.883,3774.897,4.317,23.586,3458.274,569.999,-10.678,-181.137,9193.534,1515.296
North America,1931,164566753.0,-18.005,-679.671,18808.328,3095.225,4.138,23.586,3606.958,593.585,-5.607,-84.969,8691.471,1430.327
North America,1932,166283267.0,-18.14,-561.465,15237.615,2533.76,3.974,23.586,3711.568,617.172,-7.385,-105.624,7966.547,1324.703
North America,1933,167860822.0,6.365,161.286,16055.246,2695.047,3.822,23.586,3817.198,640.758,13.165,174.392,8930.585,1499.095
North America,1934,169456951.0,8.946,241.112,17326.873,2936.159,3.681,23.586,3920.43,664.344,0.943,14.13,8929.854,1513.226
North America,1935,171071933.0,2.047,60.106,17514.65,2996.265,3.55,23.586,4021.294,687.93,9.373,141.839,9674.675,1655.065
North America,1936,172706048.0,16.024,480.11,20128.855,3476.375,3.429,23.586,4119.813,711.517,9.999,165.495,10541.381,1820.56
North America,1937,174359583.0,0.848,29.47,20106.982,3505.845,4.825,34.33,4277.635,745.847,16.346,297.589,12148.163,2118.149
North America,1938,176032835.0,-20.24,-709.597,15884.807,2796.248,8.35,62.277,4590.756,808.124,-4.981,-105.507,11433.329,2012.641
North America,1939,178032106.0,12.857,359.523,17725.852,3155.771,7.706,62.277,4889.011,870.401,4.571,92.005,11821.723,2104.646
North America,1940,182737357.0,14.612,461.136,19792.926,3616.907,7.155,62.277,5103.926,932.678,6.941,146.084,12316.752,2250.731
North America,1941,182857555.0,11.091,401.153,21973.717,4018.06,6.677,62.277,5441.148,994.955,3.325,74.827,12717.866,2325.558
North America,1942,185763775.0,12.368,496.94,24305.062,4515.0,6.259,62.277,5691.271,1057.232,-1.513,-35.192,12329.453,2290.366
North America,1943,189007803.0,1.057,47.743,24140.502,4562.743,5.891,62.277,5923.084,1119.509,8.075,184.94,13096.316,2475.306
North America,1944,192304197.0,4.639,211.657,24827.334,4774.4,5.563,62.277,6145.4,1181.786,11.194,277.085,14312.691,2752.391
North America,1945,195674642.0,-7.269,-347.043,22626.115,4427.357,5.27,62.277,6357.815,1244.063,2.24,61.662,14381.286,2814.053
North America,1946,199120551.0,-5.225,-231.328,21072.807,4196.029,5.006,62.277,6560.551,1306.34,1.371,38.588,14326.202,2852.641
North America,1947,202624094.0,14.825,622.057,23778.445,4818.086,10.394,135.777,7117.208,1442.118,7.22,205.956,15094.932,3058.597
North America,1948,206206492.0,-3.953,-190.478,22441.623,4627.608,12.263,176.851,7851.2,1618.968,8.717,266.618,16125.654,3325.215
North America,1949,209978736.0,-25.675,-1188.133,16380.112,3439.475,5.239,84.826,8114.126,1703.794,-8.165,-271.502,14542.96,3053.712
North America,1950,217078493.0,15.824,544.252,18351.551,3983.727,15.422,262.759,9059.182,1966.553,8.048,245.753,15199.414,3299.466
North America,1951,220921951.0,2.731,108.814,18524.83,4092.542,18.757,368.875,10571.283,2335.428,14.205,468.701,17056.551,3768.167
North America,1952,225040618.0,-11.674,-477.751,16062.834,3614.79,7.505,175.268,11156.638,2510.697,2.385,89.854,17143.66,3858.02
North America,1953,229381691.0,-3.949,-142.741,15136.555,3472.049,4.868,122.208,11478.271,2632.905,3.322,128.151,17377.895,3986.171
North America,1954,234024926.0,-13.493,-468.495,12834.331,3003.553,4.287,112.881,11732.88,2745.786,-0.552,-22.004,16939.08,3964.167
North America,1955,238891598.0,15.913,477.952,14573.58,3481.506,7.926,217.638,12404.894,2963.425,8.334,330.362,17976.893,4294.529
North America,1956,243833832.0,7.585,264.057,15361.13,3745.563,7.217,213.875,13030.595,3177.3,6.619,284.272,18778.365,4578.801
North America,1957,248844412.0,-2.533,-94.874,14670.571,3650.69,6.537,207.714,13602.935,3385.014,0.42,19.236,18477.557,4598.037
North America,1958,254195090.0,-16.408,-599.021,12005.224,3051.669,4.839,163.787,13960.936,3548.801,-5.994,-275.619,17004.332,4322.417
North America,1959,259556906.0,0.006,0.171,11757.883,3051.84,9.846,349.411,15018.72,3898.212,5.505,237.938,17569.771,4560.355
North America,1960,264916376.0,0.501,15.292,11577.735,3067.132,6.673,260.133,15696.822,4158.345,0.322,14.666,17269.68,4575.021
North America,1961,269992478.0,-3.099,-95.04,11008.053,2972.092,4.213,175.19,16050.577,4333.535,3.077,140.758,17466.334,4715.779
North America,1962,275281702.0,4.274,127.033,11258.012,3099.125,6.659,288.576,16790.479,4622.111,2.873,135.466,17622.84,4851.245
North America,1963,280538351.0,8.278,256.539,11961.513,3355.663,7.144,330.206,17652.906,4952.317,3.008,145.945,17812.859,4997.19
North America,1964,285767926.0,5.711,191.654,12413.279,3547.317,6.755,334.537,18500.518,5286.854,1.663,83.097,17777.666,5080.287
North America,1965,290870105.0,4.42,156.804,12734.625,3704.122,4.054,214.321,18912.826,5501.176,13.627,692.287,19845.881,5772.573
North America,1966,295724864.0,3.763,139.394,12996.93,3843.515,5.976,328.741,19713.99,5829.917,6.552,378.213,20799.018,6150.787
North America,1967,300431421.0,3.334,128.162,13219.913,3971.677,5.936,346.075,20557.076,6175.992,7.087,435.9,21924.094,6586.687
North America,1968,305159077.0,-1.308,-51.945,12844.882,3919.732,7.068,436.512,21669.039,6612.504,4.455,293.43,22546.0,6880.117
North America,1969,310053134.0,2.401,94.096,12945.615,4013.829,8.077,534.105,23049.627,7146.609,2.186,150.407,22675.221,7030.523
North America,1970,315691695.0,8.593,344.889,13806.881,4358.718,-10.686,-763.709,20218.777,6382.9,5.014,352.541,23386.945,7383.064
North America,1971,321049543.0,-8.638,-376.494,12403.767,3982.224,3.324,212.159,20542.186,6595.06,-0.498,-36.769,22882.125,7346.296
North America,1972,326320039.0,7.564,301.229,13126.54,4283.453,0.941,62.075,20400.631,6657.135,2.398,176.137,23052.316,7522.433
North America,1973,331321157.0,0.031,1.307,12932.348,4284.76,0.773,51.447,20247.973,6708.582,0.367,27.594,22787.639,7550.027
North America,1974,336273223.0,2.047,87.707,13002.721,4372.467,-3.998,-268.178,19152.295,6440.404,-3.317,-250.471,21707.217,7299.556
North America,1975,341300296.0,7.769,339.68,13806.454,4712.147,-6.187,-398.479,17702.666,6041.925,-4.016,-293.177,20528.488,7006.379
North America,1976,346309935.0,4.671,220.105,14242.307,4932.252,-0.603,-36.462,17341.295,6005.463,-2.257,-158.142,19774.879,6848.237
North America,1977,351506528.0,2.507,123.675,14383.596,5055.928,1.159,69.596,17282.92,6075.059,2.635,180.433,19995.844,7028.67
North America,1978,357016142.0,-4.604,-232.797,13509.56,4823.131,-0.153,-9.286,16990.193,6065.773,5.534,388.984,20776.803,7417.654
North America,1979,362654436.0,17.627,850.196,15643.893,5673.327,3.845,233.247,17369.209,6299.021,2.673,198.301,21000.584,7615.955
North America,1980,368574942.0,0.509,28.888,15470.979,5702.215,-0.89,-56.045,16938.145,6242.976,4.068,309.833,21503.871,7925.788
North America,1981,373589053.0,-5.204,-296.72,14469.094,5405.495,-0.909,-56.766,16558.863,6186.21,1.513,119.897,21536.191,8045.686
North America,1982,378615781.0,1.725,93.262,14523.316,5498.757,-4.933,-305.196,15532.934,5881.014,3.446,277.257,21982.555,8322.942
North America,1983,383734903.0,-6.741,-370.691,13363.563,5128.066,-8.405,-494.315,14037.552,5386.699,0.241,20.027,21741.492,8342.97
North America,1984,388847666.0,15.267,782.876,15201.178,5910.942,8.085,435.5,14972.954,5822.198,2.816,234.917,22059.762,8577.887
North America,1985,393949236.0,-1.415,-83.652,14791.982,5827.29,-3.747,-218.142,14225.327,5604.057,0.309,26.544,21841.471,8604.431
North America,1986,399045023.0,0.428,24.944,14665.598,5852.234,-3.497,-195.972,13552.567,5408.084,-3.458,-297.562,20816.871,8306.869
North America,1987,404153729.0,3.13,183.158,14933.407,6035.392,4.199,227.105,13943.185,5635.19,-0.713,-59.197,20407.264,8247.672
North America,1988,409453275.0,3.694,222.922,15284.562,6258.314,4.595,258.946,14395.138,5894.136,-0.578,-47.674,20026.701,8199.998
North America,1989,415061982.0,3.275,204.962,15571.834,6463.276,1.945,114.662,14476.87,6008.798,-4.572,-374.892,18852.861,7825.106
North America,1990,421575397.0,4.669,301.778,16047.081,6765.055,2.972,178.562,14676.76,6187.361,-1.504,-117.697,18282.398,7707.409
North America,1991,427934509.0,-3.249,-219.79,15295.015,6545.265,0.533,32.95,14535.66,6220.311,2.164,166.753,18400.391,7874.162
North America,1992,434703257.0,-0.619,-40.49,14963.712,6504.774,2.239,139.299,14629.772,6359.61,-0.876,-68.967,17955.227,7805.195
North America,1993,441450384.0,-5.355,-348.326,13945.958,6156.449,3.162,201.121,14861.763,6560.731,-1.625,-126.841,17393.471,7678.354
North America,1994,448069901.0,9.025,555.63,14979.982,6712.079,5.082,333.437,15386.367,6894.168,-0.564,-43.289,17039.898,7635.066
North America,1995,454557639.0,-0.039,-2.624,14760.405,6709.455,0.472,32.547,15238.365,6926.715,-0.388,-29.608,16731.559,7605.458
North America,1996,460925637.0,2.948,197.781,14985.576,6907.236,1.54,106.651,15259.221,7033.366,2.16,164.297,16856.852,7769.755
North America,1997,467334865.0,2.352,162.473,15127.717,7069.709,1.158,81.461,15224.261,7114.828,1.518,117.949,16878.057,7887.705
North America,1998,473719801.0,2.531,178.915,15301.501,7248.624,1.911,135.942,15306.03,7250.77,-0.496,-39.154,16567.916,7848.55
North America,1999,479976626.0,-3.131,-226.967,14629.164,7021.657,0.244,17.713,15143.409,7268.482,-3.979,-312.328,15701.229,7536.223
North America,2000,486364446.0,-2.481,-174.202,14078.856,6847.455,2.188,159.043,15271.522,7427.525,0.669,50.441,15598.723,7586.664
North America,2001,492319208.0,3.21,219.771,14354.968,7067.227,2.298,170.708,15433.552,7598.234,0.518,39.304,15489.885,7625.968
North America,2002,498067243.0,-4.249,-300.279,13586.413,6766.947,-2.138,-162.417,14929.344,7435.817,1.217,92.789,15497.419,7718.757
North America,2003,503641588.0,-2.873,-194.386,13050.076,6572.561,1.48,110.039,14982.591,7545.856,1.37,105.754,15535.872,7824.511
North America,2004,509273976.0,3.843,252.585,13401.718,6825.146,-1.118,-84.325,14651.31,7461.531,-0.268,-20.942,15322.93,7803.569
North America,2005,514942529.0,1.632,111.417,13470.559,6936.563,-0.335,-24.964,14441.546,7436.566,-3.239,-252.731,14663.457,7550.838
North America,2006,520586895.0,2.455,170.31,13651.655,7106.873,3.033,225.531,14718.191,7662.098,-0.012,-0.925,14502.694,7549.913
North America,2007,526315123.0,-0.929,-65.994,13377.688,7040.879,2.103,161.107,14864.108,7823.205,-0.948,-71.594,14208.823,7478.318
North America,2008,532006442.0,1.338,94.196,13411.634,7135.076,2.046,160.026,15005.893,7983.231,-3.224,-241.087,13603.653,7237.231
North America,2009,537567761.0,-9.228,-658.436,12048.044,6476.64,0.824,65.794,14973.043,8049.025,1.557,112.681,13672.531,7349.912
North America,2010,543052879.0,2.414,156.333,12214.229,6632.973,1.536,123.648,15049.499,8172.674,2.642,194.175,13891.993,7544.087
North America,2011,548684151.0,1.135,75.274,12226.062,6708.247,5.239,428.188,15675.435,8600.862,3.288,248.035,14201.471,7792.122
North America,2012,554435782.0,-6.712,-450.28,11287.091,6257.967,3.444,296.209,16047.072,8897.071,8.997,701.075,15318.631,8493.197
North America,2013,560056144.0,-2.911,-182.173,10848.544,6075.794,1.121,99.695,16064.044,8996.767,8.754,743.527,16492.498,9236.725
North America,2014,565486685.0,1.268,77.028,10880.577,6152.822,6.035,542.974,16869.965,9539.74,10.781,995.81,18095.094,10232.534
North America,2015,570726015.0,-11.334,-697.384,9558.768,5455.438,3.351,319.65,17275.174,9859.391,4.41,451.241,18719.623,10683.775
North America,2016,576008328.0,-16.876,-920.658,7872.767,4534.779,-1.794,-176.842,16809.738,9682.549,-3.107,-331.957,17971.646,10351.818
North America,2017,581258143.0,5.971,270.76,8267.479,4805.539,2.092,202.604,17006.475,9885.152,4.191,433.814,18555.668,10785.633
North America,2018,585864285.0,-2.31,-111.011,8012.996,4694.528,10.316,1019.777,18613.406,10904.93,11.736,1265.783,20570.32,12051.416
North America,2019,590497015.0,-6.962,-326.85,7396.614,4367.678,7.282,794.135,19812.232,11699.064,7.668,924.105,21973.898,12975.521
North America,2020,594263186.0,-23.24,-1015.052,5641.652,3352.626,-1.91,-223.508,19310.562,11475.557,-4.437,-575.693,20865.887,12399.828
North America,2021,597123384.0,7.479,250.728,6034.521,3603.354,2.85,327.071,19765.811,11802.628,1.669,207.009,21112.617,12606.837
North America,2022,600323657.0,3.204,115.448,6194.661,3718.802,4.263,503.175,20498.613,12305.803,4.85,611.483,22018.656,13218.32
Oceania,1900,5936615.0,,,8411.873,49.938,,,0.0,0.0,,,0.0,0.0
Oceania,1901,5921693.0,8.473,4.231,9147.619,54.169,,0.0,0.0,0.0,,0.0,0.0,0.0
Oceania,1902,6008328.0,1.388,0.752,9140.821,54.921,,0.0,0.0,0.0,,0.0,0.0,0.0
Oceania,1903,6089639.0,3.759,2.064,9357.745,56.985,,0.0,0.0,0.0,,0.0,0.0,0.0
Oceania,1904,6180748.0,-1.609,-0.917,9071.472,56.068,,0.0,0.0,0.0,,0.0,0.0,0.0
Oceania,1905,6273490.0,8.19,4.592,9669.311,60.66,,0.0,0.0,0.0,,0.0,0.0,0.0
Oceania,1906,6376388.0,13.699,8.31,10816.503,68.97,,0.0,0.0,0.0,,0.0,0.0,0.0
Oceania,1907,6463985.0,11.464,7.907,11893.146,76.877,,0.0,0.0,0.0,,0.0,0.0,0.0
Oceania,1908,6561807.0,4.706,3.618,12267.19,80.495,,0.0,0.0,0.0,,0.0,0.0,0.0
Oceania,1909,6654625.0,-16.187,-13.03,10138.041,67.465,,0.0,0.0,0.0,,0.0,0.0,0.0
Oceania,1910,6820913.0,18.184,12.268,11689.443,79.733,,0.0,0.0,0.0,,0.0,0.0,0.0
Oceania,1911,6835644.0,5.7,4.544,12329.074,84.277,,0.0,0.0,0.0,,0.0,0.0,0.0
Oceania,1912,6907269.0,10.201,8.598,13445.934,92.875,,0.0,0.0,0.0,,0.0,0.0,0.0
Oceania,1913,6984231.0,2.794,2.595,13669.264,95.469,,0.0,0.0,0.0,,0.0,0.0,0.0
Oceania,1914,7065050.0,2.948,2.815,13911.295,98.284,,0.0,0.0,0.0,,0.0,0.0,0.0
Oceania,1915,7149688.0,-7.437,-7.309,12724.286,90.975,,0.0,0.0,0.0,,0.0,0.0,0.0
Oceania,1916,7246926.0,-11.368,-10.342,11126.43,80.632,,0.0,0.0,0.0,,0.0,0.0,0.0
Oceania,1917,7330341.0,1.73,1.395,11190.13,82.027,,0.0,0.0,0.0,,0.0,0.0,0.0
Oceania,1918,7426349.0,5.51,4.52,11654.057,86.547,,0.0,0.0,0.0,,0.0,0.0,0.0
Oceania,1919,7530416.0,-4.4,-3.808,10987.364,82.739,,0.0,0.0,0.0,,0.0,0.0,0.0
Oceania,1920,7725388.0,16.583,13.721,12486.143,96.46,,0.0,0.0,0.0,,0.0,0.0,0.0
Oceania,1921,7771434.0,-0.463,-0.447,12354.655,96.013,,0.0,0.0,0.0,,0.0,0.0,0.0
Oceania,1922,7889021.0,-3.862,-3.708,11700.508,92.306,,0.0,0.0,0.0,,0.0,0.0,0.0
Oceania,1923,8023430.0,3.21,2.963,11873.848,95.269,,0.0,0.0,0.0,,0.0,0.0,0.0
Oceania,1924,8160821.0,9.186,8.752,12746.354,104.021,,0.0,0.0,0.0,,0.0,0.0,0.0
Oceania,1925,8301231.0,1.352,1.406,12700.14,105.427,,0.0,0.0,0.0,,0.0,0.0,0.0
Oceania,1926,8490705.0,-1.512,-1.594,12229.036,103.833,,0.0,0.0,0.0,,0.0,0.0,0.0
Oceania,1927,8591282.0,3.505,3.64,12509.531,107.473,,0.0,0.0,0.0,,0.0,0.0,0.0
Oceania,1928,8741011.0,-9.762,-10.491,11095.017,96.982,,0.0,0.0,0.0,,0.0,0.0,0.0
Oceania,1929,8881471.0,-9.06,-8.786,9930.278,88.195,,0.0,0.0,0.0,,0.0,0.0,0.0
Oceania,1930,9104015.0,-6.006,-5.297,9105.696,82.898,,0.0,0.0,0.0,,0.0,0.0,0.0
Oceania,1931,9174477.0,-10.105,-8.377,8122.692,74.521,,0.0,0.0,0.0,,0.012,1.268,0.012
Oceania,1932,9246964.0,0.355,0.264,8087.602,74.786,,0.0,0.0,0.0,0.0,0.0,1.258,0.012
Oceania,1933,9350068.0,4.435,3.317,8353.154,78.103,,0.0,0.0,0.0,0.0,0.0,1.244,0.012
Oceania,1934,9456223.0,6.423,5.017,8789.887,83.119,,0.0,0.0,0.0,0.0,0.0,1.23,0.012
Oceania,1935,9565477.0,9.708,8.069,9533.053,91.188,,0.0,0.0,0.0,0.0,0.0,1.216,0.012
Oceania,1936,9733885.0,6.002,5.473,9930.368,96.661,,0.0,0.0,0.0,0.0,0.0,1.195,0.012
Oceania,1937,9793514.0,6.545,6.326,10515.866,102.987,,0.0,0.0,0.0,0.0,0.0,1.188,0.012
Oceania,1938,9912430.0,-1.996,-2.055,10182.35,100.932,,0.0,0.0,0.0,0.0,0.0,1.173,0.012
Oceania,1939,10046940.0,12.625,12.743,11314.34,113.674,,0.0,0.0,0.0,-100.0,-0.012,0.0,0.0
Oceania,1940,10295520.0,-8.275,-9.407,10127.481,104.268,,0.0,0.0,0.0,,0.0,0.0,0.0
Oceania,1941,10364222.0,17.34,18.08,11804.824,122.348,,0.0,0.0,0.0,,0.0,0.0,0.0
Oceania,1942,10547786.0,4.791,5.861,12155.074,128.209,,0.0,0.0,0.0,,0.0,0.0,0.0
Oceania,1943,10748502.0,-2.72,-3.487,11603.647,124.722,,0.0,0.0,0.0,,0.0,0.0,0.0
Oceania,1944,10954585.0,-2.276,-2.839,11126.198,121.883,,0.0,0.0,0.0,,0.0,0.0,0.0
Oceania,1945,11180194.0,-3.671,-4.475,10501.426,117.408,,0.0,0.0,0.0,,0.0,0.0,0.0
Oceania,1946,11438499.0,6.199,7.278,10900.595,124.686,,0.0,0.0,0.0,,0.0,0.0,0.0
Oceania,1947,11606681.0,5.784,7.212,11364.014,131.898,,0.0,0.0,0.0,,0.0,0.0,0.0
Oceania,1948,11835931.0,0.954,1.258,11250.195,133.157,,0.0,0.0,0.0,,0.0,0.0,0.0
Oceania,1949,12077940.0,-1.814,-2.415,10824.811,130.741,,0.0,0.0,0.0,,0.012,0.963,0.012
Oceania,1950,12578030.0,11.48,15.009,11587.681,145.75,,0.0,0.0,0.0,0.0,0.0,0.925,0.012
Oceania,1951,12910351.0,5.043,7.35,11858.693,153.1,,0.0,0.0,0.0,0.0,0.0,0.901,0.012
Oceania,1952,13224304.0,9.406,14.401,12666.146,167.501,,0.0,0.0,0.0,0.0,0.0,0.879,0.012
Oceania,1953,13522000.0,-4.908,-8.221,11779.305,159.28,,0.0,0.0,0.0,0.0,0.0,0.86,0.012
Oceania,1954,13819174.0,7.29,11.611,12366.212,170.891,,0.0,0.0,0.0,0.0,0.0,0.842,0.012
Oceania,1955,14140071.0,-0.868,-1.483,11980.723,169.408,,0.0,0.0,0.0,0.0,0.0,0.822,0.012
Oceania,1956,14479634.0,0.838,1.42,11797.824,170.828,,0.0,0.0,0.0,0.0,0.0,0.803,0.012
Oceania,1957,14820933.0,2.038,3.482,11761.06,174.31,,0.0,0.0,0.0,0.0,0.0,0.785,0.012
Oceania,1958,15162130.0,3.029,5.279,11844.573,179.589,,0.0,0.0,0.0,0.0,0.0,0.767,0.012
Oceania,1959,15506698.0,1.208,2.17,11721.298,181.759,,0.0,0.0,0.0,0.0,0.0,0.75,0.012
Oceania,1960,15859743.0,11.113,20.199,12733.994,201.958,,1.183,74.578,1.183,0.0,0.0,0.733,0.012
Oceania,1961,16213869.0,5.589,11.287,13151.995,213.245,1.01,0.012,73.686,1.195,0.0,0.0,0.717,0.012
Oceania,1962,16557077.0,0.906,1.933,12996.12,215.178,-3.075,-0.037,69.94,1.158,0.0,0.0,0.702,0.012
Oceania,1963,16899883.0,3.319,7.141,13155.036,222.319,8.215,0.095,74.15,1.253,0.0,0.0,0.688,0.012
Oceania,1964,17248725.0,8.158,18.137,13940.463,240.455,-1.907,-0.024,71.265,1.229,19000.002,2.21,128.782,2.221
Oceania,1965,17609458.0,11.567,27.812,15234.296,268.268,4.823,0.059,73.172,1.289,81.26,1.805,228.648,4.026
Oceania,1966,17976052.0,4.834,12.968,15645.005,281.235,0.0,0.0,71.68,1.289,28.571,1.15,287.981,5.177
Oceania,1967,18320665.0,4.024,11.318,15968.503,292.554,-2.782,-0.036,68.375,1.253,133.333,6.902,659.317,12.079
Oceania,1968,18657991.0,10.57,30.923,17337.156,323.477,3.743,0.047,69.653,1.3,86.223,10.415,1205.603,22.494
Oceania,1969,19020565.0,9.835,31.814,18679.26,355.29,235.618,3.062,229.31,4.362,15.069,3.39,1360.835,25.884
Oceania,1970,19480682.0,5.685,20.199,19274.934,375.489,296.734,12.942,888.263,17.304,291.111,75.351,5196.665,101.235
Oceania,1971,20023056.0,-6.267,-23.53,17577.664,351.959,49.253,8.523,1289.847,25.827,75.257,76.186,8860.803,177.42
Oceania,1972,20481057.0,20.528,72.25,20712.223,424.208,43.55,11.248,1810.173,37.074,6.716,11.916,9244.468,189.336
Oceania,1973,20852770.0,2.425,10.286,20836.266,434.494,26.958,9.995,2257.197,47.069,25.273,47.851,11374.375,237.187
Oceania,1974,21213318.0,5.351,23.249,21578.098,457.743,14.093,6.633,2531.522,53.702,-1.058,-2.51,11062.729,234.677
Oceania,1975,21537776.0,4.653,21.3,22242.008,479.043,7.389,3.968,2677.619,57.67,7.152,16.785,11675.394,251.462
Oceania,1976,21820768.0,11.107,53.207,24391.932,532.251,18.046,10.407,3119.836,68.077,2.401,6.037,11800.64,257.499
Oceania,1977,22089877.0,5.765,30.685,25483.861,562.935,14.236,9.691,3520.547,77.768,5.798,14.931,12332.794,272.43
Oceania,1978,22356009.0,0.303,1.705,25256.764,564.64,7.66,5.957,3745.095,83.725,-0.999,-2.72,12064.301,269.71
Oceania,1979,22623402.0,4.264,24.075,26022.393,588.715,15.109,12.65,4259.977,96.375,0.368,0.994,11965.634,270.703
Oceania,1980,22920632.0,21.126,124.37,31111.033,713.085,14.828,14.291,4828.221,110.666,-6.176,-16.719,11081.051,253.985
Oceania,1981,23268830.0,12.616,89.959,34511.57,803.044,8.384,9.279,5154.724,119.944,-2.6,-6.603,10631.479,247.382
Oceania,1982,23646422.0,2.06,16.543,34660.078,819.587,-2.471,-2.964,4947.084,116.981,-1.395,-3.451,10315.765,243.931
Oceania,1983,24011447.0,4.317,35.38,35606.652,854.967,8.629,10.094,5292.26,127.075,-2.658,-6.484,9888.91,237.447
Oceania,1984,24357734.0,4.994,42.701,36853.516,897.668,-1.383,-1.758,5144.865,125.317,29.713,70.552,12644.829,307.999
Oceania,1985,24704912.0,21.466,192.692,44135.363,1090.36,6.891,8.635,5422.105,133.953,15.858,48.842,14444.136,356.841
Oceania,1986,25069550.0,6.346,69.198,46253.648,1159.558,9.24,12.377,5836.933,146.329,-10.658,-38.033,12716.957,318.808
Oceania,1987,25459682.0,4.194,48.634,47455.121,1208.192,2.095,3.065,5867.889,149.395,6.293,20.064,13310.145,338.872
Oceania,1988,25868614.0,-1.536,-18.555,45987.68,1189.638,2.409,3.599,5914.247,152.993,-5.094,-17.264,12432.375,321.608
Oceania,1989,26286142.0,8.707,103.577,49197.566,1293.214,15.741,24.082,6736.463,177.076,-5.683,-18.276,11539.646,303.333
Oceania,1990,26744211.0,4.548,58.811,50553.926,1352.025,16.397,29.036,7706.77,206.111,16.077,48.766,13165.438,352.099
Oceania,1991,27214477.0,3.748,50.678,51542.543,1402.703,4.684,9.654,7928.317,215.765,-5.49,-19.329,12227.674,332.77
Oceania,1992,27637470.0,6.797,95.347,54203.59,1498.05,8.144,17.571,8442.739,233.336,-1.449,-4.823,11866.022,327.947
Oceania,1993,28038745.0,0.637,9.539,53768.055,1507.589,4.501,10.503,8696.503,243.839,-6.727,-22.06,10909.422,305.887
Oceania,1994,28455275.0,2.049,30.89,54066.543,1538.478,14.794,36.073,9836.916,279.912,7.667,23.453,11573.921,329.339
Oceania,1995,28905477.0,5.186,79.787,55984.742,1618.266,5.733,16.048,10238.878,295.96,-5.837,-19.225,10728.556,310.114
Oceania,1996,29379071.0,3.054,49.42,56764.41,1667.686,0.128,0.377,10086.672,296.337,5.254,16.292,11110.153,326.406
Oceania,1997,29846703.0,8.805,146.836,60794.727,1814.522,0.013,0.039,9929.957,296.376,6.136,20.029,11607.157,346.435
Oceania,1998,30299542.0,2.185,39.646,61194.602,1854.168,2.146,6.361,9991.475,302.737,-5.314,-18.41,10826.088,328.026
Oceania,1999,30753529.0,5.567,103.223,63647.711,1957.392,1.45,4.388,9986.669,307.125,-2.6,-8.528,10388.964,319.497
Oceania,2000,31223133.0,3.311,64.803,64765.922,2022.195,1.562,4.798,9990.134,311.923,35.017,111.879,13815.927,431.377
Oceania,2001,31714944.0,8.138,164.556,68950.188,2186.751,4.645,14.49,10292.094,326.413,-7.471,-32.229,12585.471,399.147
Oceania,2002,32230343.0,3.221,70.44,70033.117,2257.191,1.102,3.598,10239.159,330.012,-0.621,-2.48,12307.278,396.668
Oceania,2003,32756845.0,3.522,79.491,71334.18,2336.683,2.255,7.441,10301.732,337.452,-13.441,-53.317,10481.794,343.35
Oceania,2004,33278789.0,3.86,90.198,72925.766,2426.881,6.475,21.851,10796.76,359.303,-12.667,-43.491,9010.521,299.859
Oceania,2005,33813365.0,4.662,113.138,75118.805,2540.02,6.415,23.05,11307.741,382.353,-1.768,-5.303,8711.237,294.556
Oceania,2006,34395875.0,2.303,58.497,75547.336,2598.517,6.4,24.469,11827.646,406.822,-8.691,-25.599,7819.459,268.957
Oceania,2007,35044174.0,2.964,77.011,76347.297,2675.528,5.086,20.69,12199.228,427.512,6.503,17.489,8173.858,286.446
Oceania,2008,35745111.0,2.984,79.829,77083.461,2755.357,-2.499,-10.683,11661.147,416.829,-0.258,-0.739,7992.891,285.707
Oceania,2009,36448615.0,3.622,99.791,78333.508,2855.148,12.031,50.147,12811.897,466.976,-1.847,-5.278,7693.817,280.429
Oceania,2010,37103109.0,3.44,98.22,79598.93,2953.368,12.694,59.279,14183.584,526.255,2.177,6.104,7722.619,286.533
Oceania,2011,37730469.0,-2.267,-66.948,76501.016,2886.419,3.47,18.26,14431.709,544.515,-13.095,-37.521,6599.762,249.012
Oceania,2012,38383766.0,8.343,240.819,81472.938,3127.238,7.042,38.343,15185.015,582.858,-1.061,-2.642,6418.6,246.37
Oceania,2013,39057783.0,7.356,230.032,85956.508,3357.271,3.93,22.908,15509.478,605.766,-16.869,-41.561,5243.735,204.809
Oceania,2014,39729340.0,6.877,230.876,90314.773,3588.146,7.755,46.978,16429.777,652.744,5.646,11.563,5446.149,216.372
Oceania,2015,40403644.0,-0.244,-8.738,88591.242,3579.409,13.824,90.233,18388.855,742.977,-9.683,-20.951,4836.714,195.421
Oceania,2016,41101240.0,0.099,3.528,87173.445,3582.937,26.625,197.82,22889.748,940.797,-8.635,-16.875,4344.057,178.546
Oceania,2017,41817267.0,-2.498,-89.498,83540.594,3493.439,17.235,162.149,26375.383,1102.946,-9.454,-16.88,3866.021,161.666
Oceania,2018,42540030.0,4.772,166.706,86040.023,3660.145,15.51,171.072,29948.699,1274.019,5.618,9.082,4013.834,170.749
Oceania,2019,43278474.0,0.621,22.744,85097.484,3682.889,14.678,187.005,33758.672,1461.024,31.148,53.185,5174.243,223.933
Oceania,2020,43933757.0,-7.912,-291.389,77195.758,3391.5,-0.163,-2.384,33200.887,1458.64,-0.742,-1.663,5059.223,222.271
Oceania,2021,44492065.0,-2.039,-69.139,74673.102,3322.36,1.616,23.572,33314.066,1482.212,-3.62,-8.046,4814.901,214.225
Oceania,2022,45038860.0,-3.623,-120.38,71093.719,3201.98,3.1,45.942,33929.664,1528.153,-5.033,-10.782,4517.059,203.443
South America,1900,41330704.0,,,72.574,3.0,,,0.0,0.0,,,10.693,0.442
South America,1901,42150431.0,72.778,2.183,122.954,5.183,,0.0,0.0,0.0,2.632,0.012,10.761,0.454
South America,1902,43003743.0,16.164,0.838,139.994,6.02,,0.0,0.0,0.0,-17.949,-0.081,8.654,0.372
South America,1903,43873585.0,15.27,0.919,158.172,6.94,,0.0,0.0,0.0,15.625,0.058,9.808,0.43
South America,1904,44763729.0,-5.86,-0.407,145.942,6.533,,0.0,0.0,0.0,5.405,0.023,10.133,0.454
South America,1905,45674718.0,6.905,0.451,152.908,6.984,,0.0,0.0,0.0,28.205,0.128,12.731,0.581
South America,1906,46607103.0,16.559,1.156,174.662,8.14,,0.0,0.0,0.0,42.0,0.244,17.717,0.826
South America,1907,47561454.0,0.74,0.06,172.424,8.201,,0.0,0.0,0.0,40.845,0.337,24.453,1.163
South America,1908,48538368.0,22.982,1.885,207.782,10.085,,0.0,0.0,0.0,28.0,0.326,30.669,1.489
South America,1909,49526946.0,0.896,0.09,205.459,10.176,,0.0,0.0,0.0,49.219,0.733,44.851,2.221
South America,1910,50545955.0,9.282,0.945,220.004,11.12,,0.0,0.0,0.0,-10.471,-0.233,39.345,1.989
South America,1911,51538305.0,10.791,1.2,239.052,12.32,,0.0,0.0,0.0,15.205,0.302,44.455,2.291
South America,1912,52560621.0,5.206,0.641,246.604,12.962,,0.0,0.0,0.0,22.335,0.512,53.326,2.803
South America,1913,53593682.0,-2.235,-0.29,236.446,12.672,,0.0,0.0,0.0,22.407,0.628,64.016,3.431
South America,1914,54648666.0,-11.827,-1.499,204.456,11.173,,0.0,0.0,0.0,1.356,0.047,63.631,3.477
South America,1915,55726062.0,7.821,0.874,216.184,12.047,,0.0,0.0,0.0,47.826,1.663,92.245,5.14
South America,1916,56826365.0,21.218,2.556,256.979,14.603,,0.0,0.0,0.0,13.122,0.675,102.329,5.815
South America,1917,57950087.0,11.871,1.734,281.911,16.337,,0.0,0.0,0.0,10.0,0.582,110.379,6.397
South America,1918,59082099.0,5.427,0.887,291.515,17.223,,0.0,0.0,0.0,6.727,0.43,115.548,6.827
South America,1919,60244320.0,-2.989,-0.515,277.346,16.709,,0.0,0.0,0.0,1.533,0.105,115.056,6.931
South America,1920,61458365.0,-17.85,-2.982,223.34,13.726,,0.0,0.0,0.0,15.604,1.082,130.382,8.013
South America,1921,62662587.0,10.715,1.471,242.518,15.197,,0.0,0.0,0.0,49.057,3.931,190.608,11.944
South America,1922,63920292.0,-14.549,-2.211,203.156,12.986,,0.0,0.0,0.0,48.88,5.838,278.194,17.782
South America,1923,65211521.0,7.612,0.989,214.293,13.974,,0.0,0.0,0.0,28.254,5.024,349.73,22.806
South America,1924,66531037.0,16.865,2.357,245.466,16.331,,0.0,0.0,0.0,59.867,13.654,548.016,36.46
South America,1925,67879486.0,-5.29,-0.864,227.862,15.467,,0.0,0.0,0.0,64.53,23.527,883.736,59.988
South America,1926,69257549.0,2.832,0.438,229.652,15.905,,0.0,0.0,0.0,68.651,41.182,1460.77,101.169
South America,1927,70665913.0,-2.54,-0.404,219.358,15.501,,0.0,0.0,0.0,56.317,56.975,2237.921,158.145
South America,1928,72105285.0,0.967,0.15,217.058,15.651,,0.0,0.0,0.0,56.089,88.702,3423.421,246.847
South America,1929,73542833.0,9.937,1.555,233.963,17.206,,2.885,39.23,2.885,22.912,56.557,4125.534,303.403
South America,1930,75000506.0,-4.062,-0.699,220.097,16.507,11.199,0.323,42.776,3.208,-0.192,-0.582,4037.598,302.822
South America,1931,76408644.0,-20.785,-3.431,171.138,13.076,10.071,0.323,46.216,3.531,-11.959,-36.216,3489.214,266.606
South America,1932,77834892.0,-5.832,-0.763,158.204,12.314,9.15,0.323,49.52,3.854,-0.79,-2.105,3398.233,264.501
South America,1933,79255273.0,41.344,5.091,219.604,17.405,8.383,0.323,52.71,4.178,1.297,3.431,3380.62,267.932
South America,1934,80702221.0,23.319,4.059,265.958,21.463,7.734,0.323,55.768,4.501,16.672,44.671,3873.534,312.603
South America,1935,82176242.0,13.142,2.821,295.513,24.284,7.179,0.323,58.7,4.824,7.716,24.121,4097.576,336.723
South America,1936,83677855.0,-4.574,-1.111,276.935,23.173,6.698,0.323,61.507,5.147,4.808,16.189,4217.512,352.912
South America,1937,85207585.0,4.021,0.932,282.899,24.105,311.54,16.034,248.583,21.181,16.915,59.697,4842.399,412.609
South America,1938,86765969.0,5.443,1.312,292.938,25.417,1.825,0.387,248.574,21.568,1.22,5.036,4813.465,417.645
South America,1939,88439089.0,-1.042,-0.265,284.401,25.152,1.792,0.387,248.242,21.954,7.552,31.541,5079.038,449.185
South America,1940,90256669.0,15.823,3.98,322.768,29.132,1.761,0.387,247.526,22.341,-7.094,-31.866,4623.695,417.319
South America,1941,92147826.0,1.694,0.494,321.5,29.626,1.73,0.387,246.641,22.727,16.275,67.919,5265.87,485.238
South America,1942,94192959.0,16.084,4.765,365.106,34.39,1.701,0.387,245.39,23.114,-31.556,-153.121,3525.931,332.118
South America,1943,96371873.0,6.971,2.397,381.727,36.788,1.672,0.387,243.854,23.501,17.933,59.557,4064.206,391.675
South America,1944,98604192.0,-2.284,-0.84,364.563,35.947,1.645,0.387,242.253,23.887,36.412,142.619,5418.571,534.294
South America,1945,100891266.0,-0.613,-0.22,354.114,35.727,1.618,0.387,240.593,24.274,19.727,105.403,6340.455,639.696
South America,1946,103234470.0,-4.595,-1.642,330.172,34.085,2.022,0.491,239.887,24.765,15.957,102.077,7185.323,741.773
South America,1947,105635226.0,2.944,1.003,332.167,35.088,14.85,3.677,269.248,28.442,11.27,83.596,7813.393,825.37
South America,1948,108094989.0,4.791,1.681,340.16,36.77,-11.545,-3.284,232.745,25.159,11.478,94.738,8512.026,920.107
South America,1949,110712748.0,-1.356,-0.499,327.613,36.271,12.548,3.157,255.756,28.315,-0.921,-8.478,8234.185,911.629
South America,1950,113520774.0,13.792,5.002,363.574,41.273,30.266,8.57,324.922,36.885,13.0,118.51,9074.453,1030.139
South America,1951,116611722.0,-2.353,-0.971,345.609,40.302,11.533,4.254,352.789,41.139,13.647,140.583,10039.49,1170.722
South America,1952,119808344.0,3.428,1.382,347.92,41.684,-4.301,-1.769,328.607,39.37,5.777,67.629,10336.099,1238.351
South America,1953,123095752.0,3.526,1.47,350.569,43.154,17.69,6.964,376.408,46.334,-1.804,-22.341,9878.566,1216.01
South America,1954,126483936.0,4.673,2.016,357.121,45.17,10.682,4.95,405.458,51.284,7.159,87.051,10302.179,1303.06
South America,1955,129986019.0,8.94,4.038,378.565,49.208,7.988,4.097,426.051,55.381,13.009,169.519,11328.749,1472.579
South America,1956,133605548.0,-0.514,-0.253,366.418,48.956,9.636,5.337,454.453,60.717,13.752,202.513,12537.595,1675.092
South America,1957,137348367.0,-3.737,-1.829,343.114,47.126,19.622,11.914,528.811,72.631,12.716,213.004,13746.765,1888.096
South America,1958,141190603.0,10.208,4.811,367.85,51.937,12.474,9.06,578.587,81.691,-5.367,-101.332,12654.975,1786.763
South America,1959,145148672.0,0.467,0.243,359.49,52.18,1.562,1.276,571.602,82.967,7.744,138.374,13263.208,1925.137
South America,1960,149224306.0,-3.185,-1.662,338.534,50.517,17.728,14.709,654.559,97.676,5.291,101.867,13583.607,2027.004
South America,1961,153377880.0,9.164,4.629,359.548,55.147,19.383,18.933,760.272,116.609,3.692,74.839,13703.692,2101.843
South America,1962,157609028.0,4.919,2.713,367.108,57.86,14.421,16.816,846.555,133.425,9.188,193.116,14561.092,2294.959
South America,1963,161919488.0,3.315,1.918,369.182,59.778,8.072,10.77,890.532,144.195,2.102,48.23,14471.323,2343.189
South America,1964,166291510.0,1.651,0.987,365.41,60.765,6.647,9.584,924.754,153.779,4.666,109.333,14748.334,2452.523
South America,1965,170706949.0,2.02,1.228,363.151,61.992,8.31,12.779,975.694,166.558,4.112,100.837,14957.56,2553.359
South America,1966,175135459.0,-1.952,-1.21,347.059,60.782,6.031,10.045,1008.381,176.603,-1.499,-38.263,14360.86,2515.096
South America,1967,179569020.0,13.531,8.224,384.29,69.007,7.599,13.42,1058.216,190.023,6.04,151.914,14852.285,2667.01
South America,1968,184011029.0,6.444,4.447,399.179,73.453,7.311,13.892,1108.165,203.915,2.466,65.756,14851.1,2732.766
South America,1969,188469386.0,6.438,4.729,414.829,78.183,5.818,11.863,1144.894,215.777,0.932,25.469,14634.925,2758.235
South America,1970,192947239.0,-11.66,-9.116,357.954,69.066,-21.593,-46.592,876.848,169.185,3.162,87.216,14747.305,2845.452
South America,1971,197461711.0,7.357,5.081,375.503,74.147,2.474,4.186,878.001,173.372,-2.164,-61.589,14098.242,2783.863
South America,1972,202046231.0,1.177,0.873,371.304,75.02,5.751,9.97,907.427,183.342,-5.102,-142.02,13075.438,2641.843
South America,1973,206713196.0,-1.317,-0.988,358.141,74.032,16.057,29.44,1029.357,212.782,6.073,160.435,13556.355,2802.278
South America,1974,211454623.0,4.309,3.19,365.196,77.222,7.059,15.019,1077.305,227.801,-9.679,-271.236,11969.667,2531.042
South America,1975,216251828.0,7.543,5.825,384.031,83.047,0.585,1.334,1059.574,229.135,-16.917,-428.186,9724.107,2102.856
South America,1976,221111805.0,13.436,11.158,426.054,94.206,12.035,27.577,1161.004,256.712,-0.687,-14.438,9445.077,2088.418
South America,1977,226098323.0,19.15,18.04,496.446,112.246,7.524,19.314,1220.823,276.026,-1.362,-28.454,9110.923,2059.964
South America,1978,231226845.0,11.707,13.14,542.263,125.386,4.693,12.953,1249.765,288.979,0.12,2.479,8919.565,2062.443
South America,1979,236454207.0,11.81,14.808,592.902,140.194,3.964,11.456,1270.585,300.435,7.956,164.093,9416.352,2226.536
South America,1980,241789097.0,-53.841,-75.482,267.639,64.712,7.812,23.47,1339.619,323.905,-4.058,-90.343,8834.943,2136.193
South America,1981,247206236.0,22.065,14.279,319.534,78.991,2.671,8.652,1345.261,332.557,-0.325,-6.953,8613.214,2129.24
South America,1982,252673448.0,7.55,5.963,336.222,84.954,8.759,29.13,1431.442,361.687,-4.34,-92.407,8061.128,2036.833
South America,1983,258200327.0,8.803,7.479,357.99,92.433,9.619,34.791,1535.545,396.478,-0.578,-11.776,7842.967,2025.057
South America,1984,263760622.0,21.029,19.437,424.136,111.87,6.681,26.488,1603.599,422.966,5.467,110.719,8097.402,2135.776
South America,1985,269320599.0,17.776,19.886,489.217,131.756,2.064,8.728,1602.901,431.694,-0.431,-9.201,7896.072,2126.575
South America,1986,274880221.0,10.003,13.179,527.267,144.935,8.916,38.491,1710.51,470.185,7.704,163.834,8332.388,2290.409
South America,1987,280447634.0,21.191,30.714,626.316,175.649,-0.544,-2.56,1667.426,467.626,-1.078,-24.7,8078.899,2265.708
South America,1988,286026582.0,12.225,21.472,689.171,197.121,7.615,35.609,1759.398,503.234,5.531,125.307,8359.418,2391.016
South America,1989,291601460.0,17.595,34.684,794.937,231.805,4.585,23.072,1804.883,526.307,1.204,28.782,8298.305,2419.798
South America,1990,297146501.0,-2.502,-5.8,760.583,226.005,3.933,20.699,1840.863,547.006,8.422,203.792,8829.279,2623.589
South America,1991,302601570.0,1.037,2.344,754.617,228.348,3.946,21.584,1879.004,568.59,5.653,148.324,9160.273,2771.913
South America,1992,307967492.0,3.91,8.928,770.459,237.276,0.502,2.857,1855.542,571.447,2.368,65.632,9213.78,2837.545
South America,1993,313302144.0,3.427,8.131,783.294,245.408,5.887,33.641,1931.323,605.088,4.065,115.342,9425.044,2952.886
South America,1994,318637078.0,5.821,14.285,815.011,259.693,6.105,36.942,2014.925,642.03,6.003,177.27,9823.579,3130.156
South America,1995,323946224.0,8.352,21.69,868.609,281.383,9.876,63.405,2177.628,705.435,8.219,257.274,10456.767,3387.43
South America,1996,329199341.0,9.616,27.057,936.938,308.439,10.193,71.904,2361.302,777.339,7.035,238.31,11013.813,3625.74
South America,1997,334414072.0,12.343,38.072,1036.175,346.512,0.726,5.647,2341.365,782.985,4.363,158.177,11315.066,3783.917
South America,1998,339583049.0,2.04,7.069,1041.218,353.58,6.333,49.588,2451.753,832.574,5.839,220.958,11793.508,4004.875
South America,1999,344665738.0,-0.646,-2.284,1019.238,351.296,-0.665,-5.535,2399.539,827.039,-3.452,-138.255,11218.465,3866.621
South America,2000,349634344.0,16.939,59.504,1174.944,410.801,5.498,45.467,2495.479,872.505,0.565,21.833,11121.486,3888.454
South America,2001,354475220.0,9.615,39.497,1270.321,450.297,4.096,35.739,2562.224,908.245,1.334,51.865,11115.923,3940.319
South America,2002,359177090.0,-6.785,-30.553,1168.629,419.745,0.54,4.904,2542.335,913.148,-1.508,-59.412,10804.997,3880.907
South America,2003,363705424.0,17.16,72.027,1352.115,491.771,2.712,24.763,2578.768,937.912,-0.975,-37.824,10566.473,3843.083
South America,2004,368126871.0,8.752,43.041,1452.793,534.812,12.751,119.596,2872.673,1057.508,7.722,296.755,11245.686,4139.839
South America,2005,372502549.0,8.031,42.95,1551.029,577.762,2.72,28.766,2916.152,1086.274,1.87,77.428,11321.443,4217.267
South America,2006,376788418.0,8.552,49.409,1664.518,627.171,6.023,65.429,3056.631,1151.703,1.984,83.68,11414.752,4300.946
South America,2007,380966010.0,4.233,26.549,1715.955,653.72,2.769,31.886,3106.812,1183.59,-1.655,-71.162,11102.786,4229.784
South America,2008,385031415.0,2.826,18.474,1745.816,672.194,0.84,9.938,3099.818,1193.527,1.725,72.945,11175.009,4302.729
South America,2009,389045327.0,-3.401,-22.858,1669.05,649.336,-5.636,-67.268,2894.93,1126.259,-0.711,-30.599,10981.061,4272.13
South America,2010,393078326.0,0.442,2.868,1659.222,652.204,5.732,64.561,3029.473,1190.82,0.411,17.546,10913.032,4289.676
South America,2011,397135158.0,14.095,91.929,1873.753,744.133,4.571,54.427,3135.576,1245.247,0.882,37.832,10896.814,4327.508
South America,2012,401166879.0,3.905,29.061,1927.362,773.194,5.09,63.386,3262.068,1308.634,-0.551,-23.845,10727.862,4303.663
South America,2013,405147963.0,-1.766,-13.658,1874.711,759.535,2.548,33.347,3312.321,1341.98,0.222,9.547,10646.013,4313.21
South America,2014,409128901.0,4.969,37.738,1948.71,797.273,2.269,30.445,3354.505,1372.425,3.649,157.4,10927.144,4470.61
South America,2015,413134461.0,-4.917,-39.203,1834.925,758.071,3.204,43.971,3428.413,1416.396,4.667,208.639,11326.213,4679.249
South America,2016,417101806.0,4.039,30.62,1890.884,788.691,2.904,41.135,3494.425,1457.531,-4.65,-217.599,10696.79,4461.65
South America,2017,420982650.0,-1.71,-13.489,1841.411,775.202,1.851,26.984,3526.309,1484.515,-4.56,-203.429,10114.956,4258.221
South America,2018,424740741.0,-4.984,-38.639,1734.147,736.563,-5.145,-76.377,3315.287,1408.138,-8.506,-362.202,9172.7,3896.019
South America,2019,428318218.0,-2.227,-16.405,1681.362,720.158,-3.091,-43.532,3185.961,1364.605,-5.305,-206.703,8613.494,3689.316
South America,2020,431530105.0,-35.819,-257.954,1071.083,462.204,-8.227,-112.268,2902.084,1252.337,-5.533,-204.124,8076.36,3485.192
South America,2021,434254167.0,9.907,45.793,1169.815,507.997,5.469,68.495,3041.609,1320.831,-0.405,-14.126,7993.168,3471.066
South America,2022,436816679.0,-3.037,-15.429,1127.63,492.568,2.5,33.026,3099.373,1353.858,7.427,257.787,8536.426,3728.853
